recharge_id,user_id_recharge,recharge_date,recharge_amount
6000000,1000883,2021/01/03 11:09:35,2
6000001,1000058,2020/12/29 08:12:51,11
6000002,1000449,2020/12/21 11:36:56,18
6000003,1000574,2021/01/25 02:33:22,14
6000004,1000212,2020/12/28 05:23:52,16
6000005,1000477,2020/12/31 07:17:19,4
6000006,1000278,2021/01/02 07:53:21,3
6000007,1000775,2020/12/01 15:14:42,17
6000008,1000130,2021/02/19 08:24:59,16
6000009,1000360,2021/02/18 11:02:48,2
6000010,1000049,2020/12/16 09:17:21,14
6000011,1000120,2021/01/30 13:54:30,16
6000012,1000619,2021/01/25 15:23:35,7
6000013,1000786,2021/01/31 08:28:55,18
6000014,1000723,2021/02/18 07:50:01,15
6000015,1000506,2021/01/15 09:05:26,2
6000016,1000767,2020/12/18 03:51:33,10
6000017,1000294,2021/02/01 16:33:01,14
6000018,1000950,2021/01/30 09:15:05,1
6000019,1000947,2021/01/07 14:22:26,13
6000020,1000527,2021/02/13 15:45:45,6
6000021,1000028,2021/02/18 05:40:48,9
6000022,1000066,2020/12/31 16:45:57,13
6000023,1000517,2020/12/01 19:23:50,2
6000024,1000923,2021/01/08 00:22:08,18
6000025,1000913,2021/02/07 08:04:07,10
6000026,1000946,2021/01/26 13:51:38,9
6000027,1000709,2020/12/13 22:57:48,16
6000028,1000656,2021/02/08 02:44:12,19
6000029,1000246,2021/02/10 14:56:22,5
6000030,1000329,2020/12/18 08:08:27,18
6000031,1000892,2021/01/25 13:32:21,20
6000032,1000780,2021/02/07 15:55:49,18
6000033,1000416,2020/12/26 22:30:22,14
6000034,1000028,2021/01/22 12:53:19,5
6000035,1000916,2020/12/09 16:39:57,7
6000036,1000877,2021/01/31 01:02:29,15
6000037,1000142,2020/12/19 10:24:54,6
6000038,1000257,2021/01/11 06:04:30,14
6000039,1000162,2021/01/23 05:56:53,8
6000040,1000591,2021/01/23 01:35:13,8
6000041,1000492,2021/01/16 08:49:39,8
6000042,1000434,2020/12/14 20:35:44,16
6000043,1000562,2021/01/12 20:47:03,16
6000044,1000054,2020/12/27 14:42:46,8
6000045,1000459,2020/12/16 00:08:10,1
6000046,1000521,2020/12/26 09:12:51,9
6000047,1000769,2021/01/20 14:33:44,5
6000048,1000591,2020/12/03 20:05:09,7
6000049,1000202,2021/01/06 05:13:51,11
6000050,1000672,2021/01/21 19:06:39,9
6000051,1000820,2020/12/02 12:45:16,19
6000052,1000064,2021/02/15 16:17:18,8
6000053,1000594,2021/01/04 05:57:42,12
6000054,1000391,2021/02/05 22:35:08,11
6000055,1000827,2021/02/04 18:18:57,18
6000056,1000409,2020/12/05 02:52:42,20
6000057,1000841,2020/12/09 16:16:12,8
6000058,1000628,2020/12/07 09:16:02,7
6000059,1000154,2021/02/12 14:40:43,16
6000060,1000101,2020/12/06 00:13:59,8
6000061,1000764,2020/12/28 13:30:52,11
6000062,1000460,2021/01/25 07:52:55,6
6000063,1000188,2021/02/08 23:49:46,2
6000064,1000213,2020/12/14 22:03:11,14
6000065,1000969,2020/12/06 23:28:03,3
6000066,1000770,2021/01/16 08:38:05,4
6000067,1000023,2020/12/28 12:18:34,7
6000068,1000208,2020/12/02 04:22:46,20
6000069,1000007,2021/01/31 02:28:21,18
6000070,1000102,2020/12/27 18:44:34,13
6000071,1000457,2021/01/14 12:15:35,11
6000072,1000915,2021/01/31 12:53:14,5
6000073,1000159,2020/12/28 07:18:18,17
6000074,1000090,2020/12/29 22:52:39,9
6000075,1000294,2021/02/20 02:37:53,8
6000076,1000849,2021/02/16 04:56:14,13
6000077,1000157,2020/12/27 10:32:09,13
6000078,1000932,2021/02/02 04:05:39,17
6000079,1000710,2020/12/31 02:35:58,3
6000080,1000190,2021/01/29 12:40:10,11
6000081,1000526,2021/01/28 05:02:32,15
6000082,1000117,2020/12/13 03:47:34,8
6000083,1000381,2021/01/07 14:03:39,10
6000084,1000956,2021/02/11 01:43:53,18
6000085,1000045,2021/01/05 21:20:42,10
6000086,1000215,2021/02/15 05:25:02,6
6000087,1000324,2020/12/09 06:17:06,19
6000088,1000497,2021/02/02 06:52:05,17
6000089,1000832,2020/12/22 02:06:10,15
6000090,1000899,2021/02/08 18:00:02,5
6000091,1000934,2021/01/02 18:36:43,8
6000092,1000536,2021/01/11 01:51:30,10
6000093,1000022,2021/01/06 18:15:18,13
6000094,1000640,2021/02/16 14:46:39,20
6000095,1000563,2021/02/14 18:10:18,17
6000096,1000360,2020/12/18 06:34:35,12
6000097,1000863,2020/12/30 05:23:45,10
6000098,1000344,2021/02/03 14:37:50,19
6000099,1000473,2021/02/01 02:11:03,11
6000100,1000144,2020/12/16 09:58:57,1
6000101,1000699,2020/12/08 10:59:39,17
6000102,1000884,2021/02/15 10:37:09,18
6000103,1000107,2021/01/01 02:06:44,12
6000104,1000750,2021/01/31 04:21:00,12
6000105,1000804,2021/02/01 05:44:17,15
6000106,1000103,2021/02/07 05:20:18,18
6000107,1000048,2021/01/27 07:32:06,20
6000108,1000546,2021/01/23 19:21:09,6
6000109,1000514,2021/01/08 04:25:43,12
6000110,1000987,2021/02/09 16:35:59,3
6000111,1000748,2021/01/31 06:17:43,9
6000112,1000584,2021/02/02 06:23:30,8
6000113,1000653,2021/02/12 11:29:42,7
6000114,1000288,2021/02/06 10:30:16,8
6000115,1000311,2021/01/04 17:37:43,16
6000116,1000964,2020/12/30 17:53:07,15
6000117,1000752,2021/01/07 13:04:37,1
6000118,1000158,2021/01/06 19:33:58,13
6000119,1000795,2021/01/27 08:26:09,1
6000120,1000921,2021/01/17 08:54:49,4
6000121,1000464,2021/01/02 02:45:26,18
6000122,1000020,2020/12/14 18:57:35,7
6000123,1000588,2021/01/06 19:08:48,7
6000124,1000871,2021/02/08 11:25:46,17
6000125,1000324,2021/01/07 08:27:25,16
6000126,1000511,2020/12/10 09:18:22,18
6000127,1000342,2020/12/25 08:59:52,19
6000128,1000069,2020/12/15 07:27:23,13
6000129,1000530,2021/01/18 20:47:34,3
6000130,1000501,2021/02/02 06:31:27,14
6000131,1000578,2021/01/01 04:26:28,16
6000132,1000924,2021/02/10 08:50:12,9
6000133,1000524,2021/01/03 18:52:34,16
6000134,1000056,2020/12/06 16:39:04,17
6000135,1000938,2020/12/15 06:16:55,2
6000136,1000772,2021/01/13 02:58:38,2
6000137,1000828,2020/12/09 16:04:45,1
6000138,1000834,2021/01/29 06:55:29,10
6000139,1000982,2021/01/23 01:51:02,13
6000140,1000918,2021/01/11 07:13:43,9
6000141,1000390,2020/12/01 02:42:39,20
6000142,1000468,2021/01/22 23:15:45,5
6000143,1000227,2021/01/15 12:42:52,8
6000144,1000051,2021/01/10 16:38:43,11
6000145,1000935,2020/12/28 10:43:55,8
6000146,1000614,2021/02/12 15:48:49,3
6000147,1000209,2020/12/29 07:47:38,8
6000148,1000553,2021/01/16 09:13:20,16
6000149,1000531,2020/12/15 08:04:42,2
6000150,1000507,2020/12/16 09:24:04,17
6000151,1000451,2021/02/20 16:24:18,12
6000152,1000527,2021/01/18 03:01:13,5
6000153,1000535,2020/12/15 03:55:00,1
6000154,1000542,2020/12/02 06:40:17,3
6000155,1000420,2021/01/08 17:16:17,9
6000156,1000476,2021/01/16 04:36:24,12
6000157,1000677,2021/01/04 18:16:58,2
6000158,1000706,2021/01/14 08:53:19,20
6000159,1000105,2021/01/19 10:25:52,17
6000160,1000694,2020/12/23 13:00:17,10
6000161,1000183,2021/01/08 12:28:56,19
6000162,1000247,2021/01/08 05:17:07,5
6000163,1000798,2021/01/21 08:31:32,18
6000164,1000693,2021/01/05 21:04:51,15
6000165,1000643,2021/01/10 19:21:16,17
6000166,1000833,2020/12/19 12:50:19,5
6000167,1000982,2021/02/08 01:50:28,14
6000168,1000895,2021/02/09 09:09:09,7
6000169,1000958,2020/12/24 01:50:35,10
6000170,1000281,2020/12/17 10:39:31,15
6000171,1000750,2020/12/15 06:46:23,18
6000172,1000828,2021/01/17 17:20:31,14
6000173,1000728,2020/12/07 19:34:14,7
6000174,1000440,2021/01/19 07:32:20,19
6000175,1000720,2021/01/21 15:45:45,3
6000176,1000278,2021/01/10 17:13:47,18
6000177,1000510,2020/12/19 15:32:16,17
6000178,1000481,2021/01/15 12:28:59,14
6000179,1000731,2021/02/07 05:03:04,8
6000180,1000101,2021/02/12 05:50:25,6
6000181,1000088,2021/01/18 14:04:11,8
6000182,1000081,2020/12/23 17:02:57,4
6000183,1000203,2020/12/23 14:52:23,19
6000184,1000096,2020/12/17 04:22:08,10
6000185,1000344,2020/12/12 16:22:17,18
6000186,1000291,2020/12/11 05:24:22,15
6000187,1000397,2020/12/22 02:24:17,2
6000188,1000674,2020/12/23 15:34:19,19
6000189,1000093,2021/01/30 03:52:49,3
6000190,1000067,2020/12/07 00:31:09,19
6000191,1000230,2020/12/03 03:51:13,13
6000192,1000006,2020/12/25 22:50:49,3
6000193,1000471,2021/01/13 22:46:08,15
6000194,1000988,2021/02/20 06:46:28,19
6000195,1000373,2020/12/20 10:01:53,4
6000196,1000147,2020/12/14 13:44:08,4
6000197,1000263,2021/02/10 07:42:53,18
6000198,1000885,2021/01/04 16:25:30,10
6000199,1000735,2020/12/18 11:17:58,13
6000200,1000493,2021/02/04 09:02:46,13
6000201,1000023,2021/02/03 23:25:25,15
6000202,1000972,2020/12/30 21:29:27,16
6000203,1000072,2020/12/08 03:50:28,9
6000204,1000894,2021/02/10 06:22:57,14
6000205,1000673,2021/01/02 10:51:41,14
6000206,1000741,2021/01/15 07:39:21,3
6000207,1000164,2020/12/21 08:52:41,12
6000208,1000624,2021/01/05 19:23:59,7
6000209,1000382,2021/02/03 01:08:18,6
6000210,1000393,2021/02/16 14:34:19,10
6000211,1000445,2020/12/27 10:18:00,2
6000212,1000880,2020/12/21 21:09:10,1
6000213,1000395,2020/12/29 12:40:46,15
6000214,1000441,2020/12/20 15:59:24,5
6000215,1000456,2021/01/23 09:27:26,11
6000216,1000022,2021/01/06 23:39:33,15
6000217,1000148,2021/01/16 11:20:20,4
6000218,1000346,2021/01/26 23:16:22,3
6000219,1000701,2020/12/24 22:33:08,19
6000220,1000313,2021/01/08 18:46:43,5
6000221,1000705,2020/12/17 06:49:27,7
6000222,1000821,2021/01/25 08:16:30,19
6000223,1000964,2021/02/03 12:50:29,13
6000224,1000820,2020/12/27 04:21:53,5
6000225,1000340,2021/01/06 00:02:42,15
6000226,1000486,2020/12/16 21:41:46,19
6000227,1000782,2021/02/19 23:36:24,20
6000228,1000499,2020/12/17 23:47:55,6
6000229,1000849,2020/12/17 20:24:43,12
6000230,1000681,2020/12/23 12:07:57,13
6000231,1000607,2021/01/22 23:40:07,1
6000232,1000338,2021/02/19 21:43:36,18
6000233,1000616,2021/01/10 05:51:31,16
6000234,1000315,2020/12/25 20:23:59,9
6000235,1000233,2020/12/10 04:33:50,11
6000236,1000428,2021/02/10 12:42:41,12
6000237,1000418,2021/02/12 11:49:01,20
6000238,1000920,2021/01/30 10:44:00,19
6000239,1000732,2020/12/13 21:36:27,18
6000240,1000737,2021/02/04 03:04:51,6
6000241,1000723,2020/12/28 14:57:43,14
6000242,1000880,2021/01/24 03:57:05,2
6000243,1000431,2021/01/04 01:59:46,1
6000244,1000337,2021/01/03 08:59:32,16
6000245,1000299,2021/01/07 07:19:20,10
6000246,1000083,2021/01/28 16:26:23,17
6000247,1000755,2020/12/10 10:37:10,6
6000248,1000397,2021/02/07 18:52:33,14
6000249,1000690,2021/01/08 17:51:50,7
6000250,1000241,2021/01/02 00:04:44,2
6000251,1000556,2021/01/17 02:42:58,6
6000252,1000404,2021/01/26 06:13:39,11
6000253,1000943,2020/12/27 17:05:11,7
6000254,1000510,2020/12/21 10:36:15,16
6000255,1000210,2021/02/11 21:00:57,1
6000256,1000216,2020/12/17 02:59:51,11
6000257,1000837,2020/12/06 15:13:09,6
6000258,1000799,2021/01/14 19:36:56,4
6000259,1000795,2021/01/23 23:42:20,5
6000260,1000401,2021/01/01 05:39:45,17
6000261,1000676,2021/02/19 10:03:05,18
6000262,1000696,2021/02/12 05:58:05,8
6000263,1000579,2020/12/07 01:35:00,13
6000264,1000074,2020/12/05 23:04:11,12
6000265,1000286,2020/12/16 05:25:44,15
6000266,1000879,2021/01/04 15:07:40,7
6000267,1000443,2021/02/09 14:41:30,20
6000268,1000267,2021/02/03 10:34:20,16
6000269,1000921,2021/01/16 07:24:15,9
6000270,1000459,2021/01/01 13:08:25,2
6000271,1000895,2021/01/19 19:08:28,3
6000272,1000337,2020/12/15 17:25:01,7
6000273,1000799,2020/12/05 23:09:31,2
6000274,1000773,2021/02/18 01:25:17,4
6000275,1000868,2021/02/07 11:01:45,15
6000276,1000399,2021/01/20 04:09:26,8
6000277,1000489,2021/02/06 14:25:19,14
6000278,1000571,2020/12/12 06:10:23,2
6000279,1000827,2020/12/12 20:30:19,3
6000280,1000087,2020/12/12 06:38:21,6
6000281,1000090,2020/12/09 19:33:24,14
6000282,1000465,2020/12/27 05:52:03,18
6000283,1000926,2020/12/14 13:22:21,10
6000284,1000112,2021/01/12 13:57:53,5
6000285,1000993,2021/02/08 06:59:35,16
6000286,1000983,2020/12/11 14:38:15,12
6000287,1000818,2021/01/12 14:37:01,14
6000288,1000087,2020/12/11 19:28:49,20
6000289,1000644,2021/01/05 00:41:52,5
6000290,1000054,2020/12/14 14:04:35,8
6000291,1000248,2021/01/09 03:38:48,4
6000292,1000453,2021/02/02 12:23:41,18
6000293,1000098,2020/12/28 07:06:46,11
6000294,1000313,2020/12/26 10:23:55,5
6000295,1000404,2021/01/03 00:35:05,12
6000296,1000380,2021/01/20 23:49:41,13
6000297,1000328,2021/01/27 18:06:49,13
6000298,1000199,2021/01/24 11:47:27,9
6000299,1000213,2021/01/19 14:41:34,12
6000300,1000172,2021/02/02 13:24:28,9
6000301,1000592,2021/01/24 06:18:03,15
6000302,1000309,2021/01/15 14:29:29,3
6000303,1000470,2020/12/11 18:28:20,2
6000304,1000270,2021/02/14 07:07:36,2
6000305,1000154,2021/02/01 05:13:53,6
6000306,1000694,2021/01/20 08:09:38,3
6000307,1000022,2020/12/17 13:54:24,1
6000308,1000346,2021/02/13 16:13:48,10
6000309,1000410,2020/12/18 11:24:36,5
6000310,1000589,2021/02/08 07:50:51,2
6000311,1000825,2021/02/11 14:27:02,6
6000312,1000987,2020/12/26 04:24:01,4
6000313,1000908,2021/01/08 19:17:30,9
6000314,1000648,2021/01/12 22:28:34,12
6000315,1000510,2020/12/17 13:48:29,11
6000316,1000584,2021/01/10 04:34:54,20
6000317,1000491,2020/12/11 09:42:34,16
6000318,1000466,2020/12/01 18:41:49,8
6000319,1000740,2020/12/31 04:53:11,7
6000320,1000065,2021/02/10 17:14:52,8
6000321,1000023,2020/12/10 21:44:46,10
6000322,1000021,2021/01/15 11:21:25,11
6000323,1000323,2020/12/04 10:40:40,10
6000324,1000463,2021/01/29 16:36:49,19
6000325,1000326,2021/02/13 15:11:40,15
6000326,1000467,2020/12/22 03:56:46,3
6000327,1000054,2021/02/05 14:30:15,16
6000328,1000113,2021/02/13 16:50:05,12
6000329,1000987,2020/12/14 17:14:04,10
6000330,1000344,2021/02/03 14:43:23,12
6000331,1000648,2021/02/15 21:49:22,1
6000332,1000741,2020/12/14 19:23:35,17
6000333,1000580,2020/12/13 06:17:19,8
6000334,1000112,2020/12/13 01:18:23,9
6000335,1000180,2021/01/16 02:43:04,18
6000336,1000134,2021/01/27 01:51:33,12
6000337,1000124,2020/12/04 20:27:23,19
6000338,1000752,2021/02/03 15:05:35,19
6000339,1000825,2021/01/26 21:49:07,5
6000340,1000940,2020/12/06 00:31:43,4
6000341,1000514,2020/12/23 00:03:40,18
6000342,1000518,2021/01/15 09:27:01,2
6000343,1000373,2021/01/22 09:08:37,19
6000344,1000422,2020/12/21 04:43:56,8
6000345,1000899,2021/01/15 20:00:16,16
6000346,1000287,2021/01/01 06:17:21,17
6000347,1000014,2021/01/26 07:02:11,6
6000348,1000256,2021/01/12 09:03:16,18
6000349,1000949,2021/01/05 01:53:18,6
6000350,1000922,2020/12/11 12:58:25,20
6000351,1000474,2020/12/27 21:17:48,11
6000352,1000253,2020/12/04 21:00:39,11
6000353,1000869,2020/12/07 04:57:27,2
6000354,1000420,2021/01/06 10:16:54,11
6000355,1000898,2020/12/06 01:24:35,11
6000356,1000499,2021/02/16 22:58:35,16
6000357,1000620,2021/02/15 00:05:51,20
6000358,1000268,2021/01/20 04:06:30,13
6000359,1000768,2021/01/02 12:05:01,13
6000360,1000986,2021/02/10 15:51:39,16
6000361,1000546,2020/12/31 22:18:37,19
6000362,1000222,2021/01/23 04:17:58,7
6000363,1000550,2021/02/03 19:14:01,20
6000364,1000904,2021/02/19 03:46:01,11
6000365,1000881,2021/02/13 13:10:13,3
6000366,1000673,2020/12/18 11:55:10,18
6000367,1000163,2021/02/12 13:35:00,11
6000368,1000862,2021/01/05 06:06:52,1
6000369,1000484,2020/12/06 14:41:28,20
6000370,1000057,2021/01/22 20:04:39,18
6000371,1000338,2020/12/28 07:09:32,10
6000372,1000302,2021/02/11 07:26:34,16
6000373,1000518,2020/12/30 05:29:28,14
6000374,1000424,2021/01/11 06:59:17,18
6000375,1000298,2021/01/29 22:22:02,10
6000376,1000405,2020/12/06 15:56:44,13
6000377,1000597,2021/01/09 14:59:22,13
6000378,1000186,2021/01/12 13:08:54,6
6000379,1000096,2020/12/05 10:12:31,12
6000380,1000717,2021/02/20 11:44:48,3
6000381,1000700,2021/01/06 19:02:59,14
6000382,1000372,2021/02/03 11:55:31,5
6000383,1000010,2020/12/27 05:20:32,15
6000384,1000398,2021/01/14 08:34:59,4
6000385,1000367,2020/12/17 07:35:19,15
6000386,1000264,2021/02/01 02:30:32,5
6000387,1000063,2021/02/13 01:49:32,15
6000388,1000526,2021/01/24 04:06:43,14
6000389,1000369,2021/01/04 20:29:59,10
6000390,1000336,2021/01/31 05:59:05,17
6000391,1000693,2021/01/10 01:05:16,16
6000392,1000198,2021/02/17 07:12:07,20
6000393,1000357,2021/01/02 10:37:08,17
6000394,1000718,2020/12/16 20:00:57,14
6000395,1000365,2020/12/03 03:22:42,7
6000396,1000802,2020/12/17 22:11:00,13
6000397,1000834,2021/01/29 21:22:00,5
6000398,1000547,2021/01/30 23:03:49,2
6000399,1000820,2021/01/19 16:39:32,1
6000400,1000038,2021/02/20 19:04:41,3
6000401,1000662,2020/12/11 02:52:49,18
6000402,1000921,2021/01/02 19:28:18,16
6000403,1000993,2021/02/14 09:01:36,19
6000404,1000992,2021/01/29 04:01:17,16
6000405,1000645,2021/02/15 01:39:04,11
6000406,1000430,2021/01/18 10:18:59,3
6000407,1000555,2020/12/26 06:22:04,11
6000408,1000492,2021/01/22 18:30:50,5
6000409,1000432,2021/01/02 21:17:08,5
6000410,1000465,2021/01/23 17:27:11,4
6000411,1000608,2021/01/23 21:45:20,16
6000412,1000998,2021/01/27 16:58:10,15
6000413,1000643,2021/01/13 21:59:29,7
6000414,1000128,2021/01/19 08:37:54,8
6000415,1000294,2021/01/02 16:36:39,2
6000416,1000783,2020/12/17 08:58:25,16
6000417,1000814,2021/01/28 07:17:25,18
6000418,1000276,2020/12/01 16:33:39,20
6000419,1000830,2021/02/17 11:26:02,7
6000420,1000614,2020/12/25 17:19:36,8
6000421,1000941,2020/12/02 02:47:39,10
6000422,1000879,2021/01/22 20:36:48,19
6000423,1000779,2020/12/24 17:25:09,7
6000424,1000441,2020/12/05 15:28:13,5
6000425,1000940,2020/12/04 03:24:19,5
6000426,1000558,2020/12/23 22:32:39,20
6000427,1000179,2020/12/04 16:46:50,2
6000428,1000770,2021/02/18 05:41:25,8
6000429,1000374,2020/12/19 08:28:38,6
6000430,1000324,2020/12/03 03:10:12,18
6000431,1000652,2020/12/14 21:03:30,8
6000432,1000258,2020/12/27 23:51:24,15
6000433,1000640,2021/01/11 09:51:47,17
6000434,1000389,2021/02/07 06:17:39,2
6000435,1000471,2021/01/08 18:42:43,10
6000436,1000601,2021/02/01 23:44:26,6
6000437,1000133,2021/01/12 08:37:11,10
6000438,1000809,2021/01/03 16:56:53,10
6000439,1000002,2021/02/08 06:44:28,10
6000440,1000353,2021/02/08 04:05:45,7
6000441,1000270,2021/01/22 07:16:58,6
6000442,1000246,2020/12/02 12:41:14,4
6000443,1000200,2021/01/15 03:36:21,13
6000444,1000018,2020/12/16 01:57:20,18
6000445,1000555,2021/01/20 12:02:55,2
6000446,1000383,2021/02/10 17:23:05,12
6000447,1000609,2020/12/29 02:30:51,10
6000448,1000039,2021/02/17 15:59:29,4
6000449,1000019,2021/01/01 10:52:04,4
6000450,1000207,2020/12/26 14:34:13,20
6000451,1000009,2021/01/04 23:59:14,3
6000452,1000713,2020/12/19 23:39:52,7
6000453,1000556,2020/12/23 08:49:25,2
6000454,1000983,2021/01/12 14:53:54,4
6000455,1000095,2020/12/21 17:36:31,20
6000456,1000306,2021/02/13 06:01:13,11
6000457,1000697,2021/02/15 01:55:48,12
6000458,1000154,2021/01/15 08:32:30,8
6000459,1000558,2021/02/08 12:19:19,18
6000460,1000731,2021/01/04 15:31:01,5
6000461,1000698,2021/01/09 04:23:26,15
6000462,1000526,2021/01/03 03:07:38,11
6000463,1000161,2021/02/08 05:59:17,4
6000464,1000777,2021/01/11 17:20:42,17
6000465,1000611,2020/12/29 03:34:43,4
6000466,1000358,2020/12/24 18:29:33,20
6000467,1000776,2021/02/09 15:30:28,13
6000468,1000381,2020/12/27 10:58:31,15
6000469,1000652,2020/12/30 12:14:33,9
6000470,1000828,2020/12/17 19:50:48,11
6000471,1000716,2021/01/23 08:25:47,17
6000472,1000817,2020/12/17 00:11:41,9
6000473,1000518,2020/12/14 23:26:54,10
6000474,1000431,2021/02/19 07:19:45,4
6000475,1000821,2021/02/13 00:41:07,8
6000476,1000818,2020/12/22 08:55:16,20
6000477,1000956,2020/12/14 05:40:07,5
6000478,1000426,2021/01/16 01:33:25,15
6000479,1000642,2020/12/26 11:08:32,9
6000480,1000704,2021/01/11 16:04:58,14
6000481,1000166,2021/01/03 17:04:04,7
6000482,1000337,2021/02/13 17:08:33,6
6000483,1000593,2021/01/08 17:32:29,3
6000484,1000054,2021/01/13 01:02:32,15
6000485,1000588,2020/12/31 00:32:17,9
6000486,1000164,2021/01/12 16:24:11,11
6000487,1000805,2021/02/14 22:17:11,12
6000488,1000606,2020/12/22 23:55:19,7
6000489,1000288,2021/02/19 23:06:18,12
6000490,1000228,2020/12/29 23:13:45,11
6000491,1000765,2021/02/16 03:59:20,15
6000492,1000615,2020/12/01 02:50:07,20
6000493,1000475,2021/01/10 19:07:15,12
6000494,1000674,2021/02/16 13:58:06,20
6000495,1000836,2020/12/25 19:09:53,12
6000496,1000899,2020/12/21 20:21:05,16
6000497,1000555,2020/12/08 20:15:56,18
6000498,1000299,2021/02/15 14:24:10,3
6000499,1000129,2021/01/02 09:56:09,14
6000500,1000583,2020/12/12 07:33:05,6
6000501,1000120,2021/01/20 01:38:21,8
6000502,1000212,2021/02/06 03:07:43,15
6000503,1000391,2021/02/04 17:27:29,16
6000504,1000091,2021/02/01 11:10:44,18
6000505,1000771,2021/01/31 01:00:30,10
6000506,1000630,2021/01/10 21:11:40,13
6000507,1000896,2021/01/11 15:06:38,10
6000508,1000624,2020/12/28 19:22:41,11
6000509,1000804,2020/12/18 11:22:08,19
6000510,1000131,2021/01/18 21:56:37,3
6000511,1000711,2020/12/25 14:03:40,10
6000512,1000986,2021/01/20 00:11:33,10
6000513,1000104,2021/01/04 10:04:13,9
6000514,1000898,2021/01/15 08:02:45,12
6000515,1000685,2020/12/29 16:10:51,15
6000516,1000889,2021/01/09 03:47:46,13
6000517,1000169,2021/02/05 16:39:02,16
6000518,1000986,2021/01/08 21:02:34,9
6000519,1000969,2020/12/30 17:16:00,14
6000520,1000958,2020/12/17 01:40:42,11
6000521,1000153,2020/12/14 03:15:19,20
6000522,1000628,2021/02/01 19:50:43,16
6000523,1000375,2020/12/19 02:34:49,2
6000524,1000958,2021/01/20 21:37:53,5
6000525,1000525,2021/01/08 15:45:11,2
6000526,1000778,2021/01/04 02:56:37,19
6000527,1000908,2021/02/04 16:08:51,14
6000528,1000440,2021/01/06 05:42:35,3
6000529,1000882,2021/01/06 10:11:34,6
6000530,1000907,2021/01/13 09:17:29,19
6000531,1000530,2021/02/13 15:47:26,14
6000532,1000592,2021/01/01 23:05:38,19
6000533,1000750,2020/12/01 12:04:45,10
6000534,1000359,2020/12/05 07:58:10,13
6000535,1000001,2021/02/04 13:05:42,9
6000536,1000815,2021/02/12 13:55:27,3
6000537,1000741,2021/02/18 07:32:51,2
6000538,1000223,2021/02/09 17:59:26,6
6000539,1000157,2020/12/27 22:33:17,9
6000540,1000215,2020/12/05 21:04:23,7
6000541,1000995,2021/01/09 03:54:55,2
6000542,1000598,2020/12/02 14:12:20,9
6000543,1000701,2020/12/25 23:36:27,7
6000544,1000592,2020/12/24 22:13:51,14
6000545,1000113,2020/12/30 06:42:11,13
6000546,1000668,2021/02/11 20:08:26,19
6000547,1000857,2021/01/09 23:19:22,19
6000548,1000609,2021/01/30 16:03:32,18
6000549,1000051,2021/02/14 17:58:19,11
6000550,1000409,2021/02/05 05:29:41,7
6000551,1000900,2020/12/03 08:37:18,18
6000552,1000696,2021/01/17 09:23:04,4
6000553,1000975,2021/01/04 20:35:15,4
6000554,1000131,2021/02/14 11:19:36,6
6000555,1000505,2020/12/24 17:57:43,13
6000556,1000783,2021/02/05 08:07:39,1
6000557,1000353,2021/01/15 20:03:30,9
6000558,1000974,2020/12/01 03:51:19,3
6000559,1000152,2020/12/04 09:29:01,1
6000560,1000448,2021/01/08 05:43:17,19
6000561,1000235,2020/12/06 14:00:46,15
6000562,1000765,2021/02/19 20:42:09,1
6000563,1000581,2021/01/24 12:54:22,4
6000564,1000283,2020/12/14 22:40:32,5
6000565,1000810,2020/12/26 04:27:16,7
6000566,1000738,2021/01/01 14:50:44,17
6000567,1000093,2021/01/03 04:51:38,20
6000568,1000057,2021/02/20 19:13:30,3
6000569,1000719,2021/02/14 12:54:38,1
6000570,1000594,2021/02/11 04:11:55,11
6000571,1000221,2021/02/02 17:09:00,5
6000572,1000468,2020/12/17 10:03:23,18
6000573,1000573,2021/02/11 18:54:24,11
6000574,1000751,2021/02/11 17:23:11,17
6000575,1000033,2021/01/12 18:03:32,19
6000576,1000933,2021/02/18 09:28:25,4
6000577,1000353,2020/12/03 10:15:54,13
6000578,1000969,2020/12/09 16:40:22,7
6000579,1000805,2021/02/09 19:51:17,20
6000580,1000007,2021/01/03 04:50:57,18
6000581,1000753,2021/01/01 21:50:57,12
6000582,1000040,2021/01/24 13:32:23,17
6000583,1000434,2021/01/03 17:55:53,10
6000584,1000121,2021/01/02 08:40:58,1
6000585,1000041,2021/01/31 12:34:36,20
6000586,1000348,2021/01/23 00:50:55,17
6000587,1000548,2021/01/02 13:09:03,15
6000588,1000819,2021/01/11 19:12:50,14
6000589,1000774,2021/01/31 08:38:17,17
6000590,1000020,2020/12/14 21:56:11,7
6000591,1000111,2021/02/01 06:21:30,3
6000592,1000964,2021/01/12 01:11:40,3
6000593,1000694,2021/01/06 03:47:34,12
6000594,1000264,2020/12/01 18:41:22,10
6000595,1000020,2021/01/02 23:02:57,1
6000596,1000060,2020/12/27 06:49:25,4
6000597,1000015,2021/01/30 11:41:07,14
6000598,1000842,2020/12/04 16:18:45,12
6000599,1000999,2021/01/24 23:28:57,12
6000600,1000563,2021/02/16 12:58:00,6
6000601,1000158,2021/01/31 10:27:37,5
6000602,1000705,2020/12/22 20:55:42,6
6000603,1000302,2021/01/19 11:01:29,17
6000604,1000300,2021/01/30 13:07:41,17
6000605,1000390,2021/02/20 04:18:26,19
6000606,1000009,2021/02/17 02:33:20,18
6000607,1000862,2020/12/20 12:54:17,5
6000608,1000063,2020/12/01 00:48:17,17
6000609,1000547,2021/01/29 18:09:55,3
6000610,1000632,2021/01/23 08:40:24,13
6000611,1000226,2020/12/17 07:20:02,17
6000612,1000344,2021/01/05 15:29:17,17
6000613,1000652,2021/01/18 05:02:28,19
6000614,1000066,2021/02/05 04:51:08,6
6000615,1000507,2020/12/15 02:13:53,11
6000616,1000032,2021/01/15 20:14:22,3
6000617,1000617,2021/02/16 18:56:51,16
6000618,1000361,2021/01/25 04:42:57,14
6000619,1000045,2021/01/05 01:22:34,11
6000620,1000356,2021/01/02 19:40:22,16
6000621,1000006,2020/12/15 15:53:10,15
6000622,1000564,2021/01/13 08:01:06,20
6000623,1000405,2021/01/18 09:46:31,19
6000624,1000733,2020/12/17 13:05:57,16
6000625,1000392,2021/02/16 11:09:31,19
6000626,1000809,2020/12/07 18:54:52,16
6000627,1000092,2021/01/01 00:30:16,2
6000628,1000697,2020/12/14 13:18:22,18
6000629,1000023,2021/02/07 01:47:11,11
6000630,1000977,2021/01/24 12:19:47,2
6000631,1000941,2020/12/24 08:22:46,15
6000632,1000829,2021/02/19 22:11:05,6
6000633,1000750,2020/12/31 11:54:06,9
6000634,1000000,2020/12/04 01:34:42,2
6000635,1000560,2021/02/05 13:40:47,8
6000636,1000352,2021/02/18 07:39:13,13
6000637,1000579,2020/12/27 08:23:00,9
6000638,1000122,2021/01/29 08:14:29,15
6000639,1000802,2021/02/08 06:24:22,19
6000640,1000235,2020/12/15 13:59:41,10
6000641,1000451,2020/12/06 00:37:45,19
6000642,1000687,2021/02/05 22:38:58,17
6000643,1000673,2021/01/13 18:10:58,19
6000644,1000921,2021/02/15 00:15:29,3
6000645,1000332,2021/01/11 16:43:26,11
6000646,1000098,2020/12/09 09:37:07,18
6000647,1000333,2021/01/04 00:28:01,20
6000648,1000037,2021/01/05 07:17:17,19
6000649,1000916,2020/12/08 03:42:19,9
6000650,1000523,2021/02/18 02:50:28,1
6000651,1000367,2020/12/18 20:27:04,2
6000652,1000292,2020/12/25 22:03:08,5
6000653,1000664,2020/12/11 18:49:02,4
6000654,1000169,2020/12/02 10:31:37,14
6000655,1000130,2021/02/03 23:20:55,16
6000656,1000114,2020/12/11 23:55:23,3
6000657,1000539,2021/01/28 11:54:16,19
6000658,1000672,2020/12/04 19:52:17,2
6000659,1000949,2021/02/06 15:18:05,1
6000660,1000193,2021/02/15 03:14:48,18
6000661,1000574,2021/01/29 19:53:34,10
6000662,1000396,2021/02/12 11:17:36,10
6000663,1000987,2021/02/09 10:14:27,7
6000664,1000017,2021/02/16 01:25:18,1
6000665,1000332,2021/01/31 14:36:38,9
6000666,1000058,2020/12/03 12:56:12,11
6000667,1000979,2021/01/31 05:07:20,11
6000668,1000212,2021/02/12 00:57:06,11
6000669,1000708,2021/02/09 15:25:05,6
6000670,1000290,2021/01/19 22:40:01,11
6000671,1000331,2021/01/28 22:31:14,5
6000672,1000805,2020/12/13 22:28:36,15
6000673,1000233,2021/01/06 09:57:59,11
6000674,1000058,2021/02/19 09:59:24,6
6000675,1000582,2020/12/22 16:53:31,9
6000676,1000387,2020/12/02 12:09:47,5
6000677,1000233,2021/02/20 15:13:25,15
6000678,1000035,2021/02/15 15:23:48,18
6000679,1000310,2020/12/20 00:06:13,10
6000680,1000604,2021/01/02 17:46:33,10
6000681,1000393,2020/12/09 10:14:34,13
6000682,1000202,2021/01/05 10:37:44,7
6000683,1000717,2021/01/21 15:53:38,3
6000684,1000132,2020/12/22 13:24:16,17
6000685,1000950,2021/01/31 09:58:34,13
6000686,1000651,2021/01/20 11:08:30,7
6000687,1000776,2020/12/01 09:07:24,15
6000688,1000730,2021/01/14 21:50:18,14
6000689,1000269,2021/01/22 13:03:31,10
6000690,1000734,2021/01/28 23:49:13,19
6000691,1000867,2021/01/27 18:49:54,14
6000692,1000332,2021/02/05 00:14:06,6
6000693,1000217,2020/12/27 09:05:36,7
6000694,1000673,2020/12/13 09:40:06,20
6000695,1000819,2020/12/11 11:48:32,16
6000696,1000459,2021/01/10 08:25:41,20
6000697,1000524,2020/12/24 16:01:53,2
6000698,1000297,2021/02/03 01:40:48,5
6000699,1000923,2020/12/09 01:49:53,19
6000700,1000263,2021/01/19 16:37:54,8
6000701,1000120,2021/01/28 03:50:30,3
6000702,1000334,2020/12/23 21:24:17,9
6000703,1000703,2021/02/20 00:42:15,1
6000704,1000270,2021/01/08 00:11:15,1
6000705,1000749,2020/12/03 13:34:52,9
6000706,1000005,2020/12/30 05:53:26,2
6000707,1000111,2021/02/08 06:08:41,13
6000708,1000658,2021/01/21 16:41:08,8
6000709,1000029,2020/12/26 10:49:54,2
6000710,1000749,2021/01/21 22:33:54,19
6000711,1000480,2021/01/04 11:32:48,15
6000712,1000619,2021/01/02 07:49:25,12
6000713,1000525,2020/12/18 06:18:05,7
6000714,1000732,2021/01/22 00:28:39,14
6000715,1000683,2020/12/26 15:40:54,12
6000716,1000769,2021/01/29 18:16:01,13
6000717,1000944,2021/01/13 02:56:49,1
6000718,1000016,2021/01/04 12:08:50,13
6000719,1000617,2020/12/20 08:03:41,4
6000720,1000602,2021/01/27 05:41:17,15
6000721,1000217,2020/12/01 01:24:36,11
6000722,1000151,2021/02/10 09:09:07,2
6000723,1000980,2021/02/15 10:21:01,6
6000724,1000541,2020/12/30 22:14:33,4
6000725,1000066,2020/12/21 04:54:47,7
6000726,1000601,2021/01/21 18:13:33,8
6000727,1000049,2020/12/26 22:33:23,16
6000728,1000057,2020/12/04 04:21:34,3
6000729,1000324,2021/01/02 14:45:11,9
6000730,1000928,2021/02/10 13:05:11,5
6000731,1000731,2021/01/03 23:25:58,6
6000732,1000445,2021/01/07 02:28:45,14
6000733,1000353,2020/12/05 17:45:57,1
6000734,1000110,2021/01/25 20:31:24,20
6000735,1000648,2020/12/31 01:49:07,2
6000736,1000669,2021/01/17 09:54:24,12
6000737,1000149,2021/01/21 11:57:01,1
6000738,1000525,2021/02/16 10:31:14,5
6000739,1000828,2021/01/08 08:05:25,19
6000740,1000893,2020/12/15 09:46:39,6
6000741,1000330,2020/12/23 15:33:54,2
6000742,1000134,2021/02/11 10:52:15,11
6000743,1000883,2021/02/12 20:13:28,5
6000744,1000457,2020/12/07 02:26:36,15
6000745,1000432,2021/01/07 16:20:40,5
6000746,1000199,2020/12/03 07:01:17,2
6000747,1000010,2020/12/06 02:53:54,19
6000748,1000569,2021/01/23 08:56:59,4
6000749,1000250,2021/02/08 09:54:35,17
6000750,1000484,2020/12/01 01:50:49,19
6000751,1000996,2020/12/27 13:47:12,11
6000752,1000720,2021/01/24 10:21:04,13
6000753,1000255,2020/12/07 10:54:44,19
6000754,1000505,2020/12/15 01:06:35,10
6000755,1000503,2021/02/06 14:58:16,7
6000756,1000992,2020/12/20 08:20:33,16
6000757,1000747,2021/01/18 01:03:15,2
6000758,1000884,2021/01/03 23:41:58,9
6000759,1000616,2020/12/21 10:31:49,20
6000760,1000451,2021/02/07 02:42:39,3
6000761,1000603,2020/12/09 12:54:38,10
6000762,1000443,2021/01/10 04:00:24,16
6000763,1000187,2021/01/05 22:46:49,19
6000764,1000299,2021/01/03 09:58:25,19
6000765,1000708,2021/01/30 22:45:50,20
6000766,1000251,2021/01/31 13:01:13,13
6000767,1000832,2021/01/07 01:36:13,5
6000768,1000029,2020/12/30 19:51:32,12
6000769,1000851,2020/12/03 07:26:13,9
6000770,1000330,2021/01/10 18:12:07,20
6000771,1000691,2021/02/01 23:40:18,4
6000772,1000691,2021/01/31 22:13:27,11
6000773,1000363,2020/12/28 17:40:35,4
6000774,1000305,2020/12/07 20:15:26,16
6000775,1000807,2021/01/06 04:13:18,12
6000776,1000543,2021/02/10 06:52:56,13
6000777,1000014,2020/12/03 06:33:19,6
6000778,1000999,2021/01/17 11:49:36,6
6000779,1000542,2021/01/09 18:11:33,13
6000780,1000475,2021/01/16 16:47:19,7
6000781,1000003,2021/01/23 23:05:40,19
6000782,1000958,2021/02/14 08:38:19,14
6000783,1000835,2021/01/21 21:17:36,13
6000784,1000570,2021/02/13 21:12:48,3
6000785,1000718,2020/12/22 09:37:55,6
6000786,1000817,2020/12/30 15:04:54,6
6000787,1000475,2020/12/03 20:11:13,5
6000788,1000646,2021/01/15 02:00:49,7
6000789,1000217,2021/02/13 22:11:45,14
6000790,1000607,2021/01/10 04:04:01,5
6000791,1000605,2020/12/30 03:07:24,17
6000792,1000756,2021/01/23 17:02:11,3
6000793,1000588,2021/02/19 19:05:04,20
6000794,1000907,2020/12/10 19:19:14,1
6000795,1000282,2021/02/02 10:37:11,7
6000796,1000400,2021/02/09 09:32:52,15
6000797,1000231,2021/02/14 18:51:08,2
6000798,1000690,2020/12/21 19:00:24,11
6000799,1000139,2021/02/08 06:53:05,19
6000800,1000504,2021/01/29 15:11:32,10
6000801,1000058,2021/01/13 17:00:13,10
6000802,1000790,2021/01/13 14:48:50,6
6000803,1000791,2021/02/18 05:53:24,15
6000804,1000384,2020/12/04 00:48:43,17
6000805,1000931,2021/02/02 15:47:05,13
6000806,1000663,2021/01/25 16:33:49,7
6000807,1000171,2020/12/25 03:51:36,1
6000808,1000134,2021/01/24 05:52:42,19
6000809,1000140,2021/01/09 20:51:22,16
6000810,1000527,2020/12/19 00:22:03,4
6000811,1000969,2020/12/28 11:44:02,2
6000812,1000846,2021/02/18 17:57:15,15
6000813,1000950,2020/12/25 14:10:10,9
6000814,1000133,2020/12/09 03:27:30,17
6000815,1000686,2021/02/05 13:07:45,19
6000816,1000888,2020/12/09 04:27:51,9
6000817,1000042,2021/01/01 15:13:47,5
6000818,1000900,2021/02/05 12:04:40,14
6000819,1000358,2020/12/20 13:59:44,19
6000820,1000453,2021/01/24 08:25:34,2
6000821,1000204,2021/02/15 08:46:26,13
6000822,1000914,2021/01/07 19:39:00,15
6000823,1000980,2020/12/18 15:06:14,4
6000824,1000664,2021/01/26 12:01:54,9
6000825,1000833,2021/02/18 10:33:02,6
6000826,1000620,2021/02/10 09:03:40,16
6000827,1000385,2021/02/05 20:01:13,13
6000828,1000532,2021/02/17 16:48:29,6
6000829,1000784,2020/12/20 06:51:58,16
6000830,1000674,2021/01/19 06:06:01,11
6000831,1000210,2020/12/07 21:29:52,19
6000832,1000942,2021/01/29 13:24:32,4
6000833,1000712,2021/01/26 13:57:51,3
6000834,1000130,2020/12/23 07:33:26,2
6000835,1000145,2021/02/07 17:33:05,1
6000836,1000250,2020/12/05 04:15:57,13
6000837,1000620,2021/01/17 16:05:51,7
6000838,1000102,2020/12/10 17:26:28,3
6000839,1000204,2021/01/17 03:20:31,6
6000840,1000481,2021/01/30 12:50:27,18
6000841,1000611,2021/01/25 02:42:04,19
6000842,1000692,2020/12/06 17:37:51,15
6000843,1000250,2020/12/01 02:43:54,1
6000844,1000820,2021/01/12 19:37:13,11
6000845,1000119,2021/01/01 00:02:00,14
6000846,1000231,2021/01/08 17:48:34,11
6000847,1000252,2021/02/14 09:41:15,4
6000848,1000562,2021/02/20 11:16:14,5
6000849,1000343,2020/12/17 02:53:12,15
6000850,1000464,2020/12/11 04:02:48,1
6000851,1000745,2020/12/23 03:23:43,13
6000852,1000778,2021/01/17 02:09:04,18
6000853,1000496,2021/01/29 01:31:13,2
6000854,1000756,2021/01/31 20:53:41,5
6000855,1000237,2020/12/04 18:54:44,5
6000856,1000017,2021/01/17 23:14:01,11
6000857,1000987,2020/12/20 18:45:44,8
6000858,1000482,2020/12/19 03:35:53,6
6000859,1000141,2021/02/10 08:47:08,4
6000860,1000941,2020/12/24 12:32:01,9
6000861,1000100,2021/01/30 01:15:21,15
6000862,1000591,2021/02/14 04:55:10,17
6000863,1000840,2021/02/07 23:06:14,11
6000864,1000524,2021/01/30 07:03:42,18
6000865,1000983,2021/01/18 09:50:54,1
6000866,1000556,2021/01/20 19:23:00,10
6000867,1000314,2021/01/28 12:21:39,3
6000868,1000085,2020/12/27 02:51:24,17
6000869,1000907,2021/01/04 23:35:45,16
6000870,1000929,2021/01/22 14:34:55,7
6000871,1000656,2021/01/21 22:50:32,20
6000872,1000876,2021/02/20 00:07:34,1
6000873,1000240,2021/01/04 21:25:44,8
6000874,1000057,2021/01/26 09:33:18,14
6000875,1000908,2021/01/18 08:06:36,17
6000876,1000410,2021/01/07 05:51:32,8
6000877,1000146,2021/02/12 19:34:26,15
6000878,1000930,2021/01/06 14:58:13,5
6000879,1000990,2021/01/07 10:04:10,20
6000880,1000212,2020/12/03 12:50:54,19
6000881,1000856,2020/12/13 06:22:31,17
6000882,1000443,2020/12/09 09:09:24,7
6000883,1000081,2021/01/07 11:36:08,1
6000884,1000466,2021/02/14 22:48:30,14
6000885,1000069,2021/01/01 07:59:57,16
6000886,1000932,2020/12/28 04:29:31,13
6000887,1000853,2020/12/04 07:36:24,14
6000888,1000695,2021/01/09 06:48:42,6
6000889,1000414,2020/12/06 11:52:49,19
6000890,1000232,2020/12/09 11:15:24,7
6000891,1000447,2021/02/10 06:29:02,11
6000892,1000006,2021/01/31 01:44:52,6
6000893,1000190,2021/02/07 07:07:05,1
6000894,1000362,2020/12/29 10:58:32,8
6000895,1000196,2020/12/14 07:47:35,3
6000896,1000102,2020/12/18 18:58:23,18
6000897,1000488,2021/02/01 22:15:13,13
6000898,1000882,2020/12/15 03:38:19,8
6000899,1000878,2020/12/08 13:15:36,4
6000900,1000481,2020/12/13 03:04:51,7
6000901,1000039,2020/12/07 18:19:38,17
6000902,1000317,2021/01/25 08:54:56,2
6000903,1000401,2021/01/27 15:31:52,5
6000904,1000947,2020/12/10 05:54:27,3
6000905,1000121,2021/02/16 19:02:33,3
6000906,1000045,2020/12/11 06:47:37,8
6000907,1000390,2021/02/02 15:56:32,13
6000908,1000792,2021/01/15 23:23:52,1
6000909,1000944,2021/01/01 04:42:08,5
6000910,1000957,2021/01/24 15:38:53,16
6000911,1000078,2020/12/07 14:45:42,17
6000912,1000201,2021/01/09 01:11:47,15
6000913,1000024,2021/02/05 19:55:09,15
6000914,1000662,2020/12/09 15:08:33,2
6000915,1000616,2020/12/13 03:40:23,11
6000916,1000459,2020/12/18 09:45:34,15
6000917,1000388,2021/01/21 06:59:28,9
6000918,1000599,2021/01/05 14:00:27,11
6000919,1000836,2021/01/20 15:09:52,10
6000920,1000558,2021/02/14 19:56:18,4
6000921,1000151,2021/02/11 21:57:26,1
6000922,1000700,2020/12/07 20:32:56,16
6000923,1000773,2021/01/30 12:14:21,3
6000924,1000505,2021/01/02 09:15:09,6
6000925,1000423,2020/12/27 00:37:25,9
6000926,1000319,2021/02/18 05:47:14,9
6000927,1000663,2021/01/21 19:46:53,3
6000928,1000884,2021/01/21 23:55:21,8
6000929,1000185,2021/02/07 10:20:37,2
6000930,1000972,2021/01/14 02:20:14,2
6000931,1000266,2021/01/19 17:22:33,6
6000932,1000424,2021/02/18 04:04:07,9
6000933,1000164,2021/01/28 17:19:10,8
6000934,1000470,2021/01/03 18:33:14,5
6000935,1000898,2020/12/21 00:43:11,4
6000936,1000599,2020/12/30 21:16:13,5
6000937,1000569,2020/12/21 06:58:57,11
6000938,1000003,2021/02/08 22:30:14,11
6000939,1000777,2021/01/19 03:17:37,13
6000940,1000537,2021/02/20 02:39:23,19
6000941,1000641,2021/02/13 00:22:20,6
6000942,1000754,2020/12/24 13:07:58,8
6000943,1000170,2021/01/04 11:25:46,1
6000944,1000635,2021/02/11 07:44:07,15
6000945,1000555,2021/01/29 07:23:55,20
6000946,1000245,2020/12/12 22:51:38,19
6000947,1000040,2020/12/18 18:10:05,8
6000948,1000969,2020/12/27 04:15:41,12
6000949,1000741,2021/01/08 17:38:16,3
6000950,1000275,2021/02/10 17:53:02,2
6000951,1000186,2021/02/10 04:21:35,13
6000952,1000845,2021/02/05 18:27:09,6
6000953,1000172,2021/01/09 18:53:28,6
6000954,1000730,2021/01/18 00:12:51,5
6000955,1000249,2021/01/21 11:47:12,3
6000956,1000664,2021/01/30 16:20:59,1
6000957,1000591,2021/01/11 22:30:22,8
6000958,1000210,2021/02/16 21:23:04,20
6000959,1000081,2021/01/19 06:39:05,18
6000960,1000455,2020/12/28 08:18:38,15
6000961,1000410,2021/01/10 07:05:31,1
6000962,1000364,2021/02/01 18:03:07,2
6000963,1000027,2021/01/14 20:21:32,2
6000964,1000892,2021/02/07 17:11:42,15
6000965,1000259,2021/01/23 05:11:22,5
6000966,1000438,2021/01/20 07:24:51,16
6000967,1000279,2021/02/16 04:06:19,14
6000968,1000103,2021/02/12 06:24:35,20
6000969,1000010,2020/12/09 00:19:14,2
6000970,1000418,2021/01/18 11:02:39,1
6000971,1000674,2021/02/01 22:15:08,13
6000972,1000319,2021/01/08 00:48:04,13
6000973,1000380,2021/02/08 05:44:14,11
6000974,1000247,2020/12/12 11:07:06,8
6000975,1000825,2021/01/19 03:31:53,17
6000976,1000256,2020/12/13 11:43:17,3
6000977,1000903,2021/01/06 07:17:00,17
6000978,1000333,2021/02/14 08:42:02,10
6000979,1000365,2021/02/12 06:22:26,17
6000980,1000689,2021/02/03 02:05:35,8
6000981,1000486,2021/01/13 05:05:32,16
6000982,1000596,2020/12/01 06:34:06,20
6000983,1000385,2021/01/16 11:15:13,3
6000984,1000170,2021/01/11 23:46:01,3
6000985,1000043,2021/01/14 14:42:23,12
6000986,1000639,2021/01/17 13:06:46,9
6000987,1000307,2021/02/08 07:43:17,15
6000988,1000471,2020/12/27 02:20:15,17
6000989,1000440,2021/01/17 21:07:37,3
6000990,1000481,2021/02/15 20:34:17,16
6000991,1000070,2020/12/26 00:29:27,8
6000992,1000437,2021/01/21 14:55:38,3
6000993,1000810,2021/02/11 16:46:05,12
6000994,1000746,2021/02/11 12:40:51,13
6000995,1000368,2021/02/03 10:33:27,19
6000996,1000486,2020/12/11 06:10:53,15
6000997,1000809,2021/02/15 09:05:49,20
6000998,1000621,2021/02/10 06:44:52,18
6000999,1000104,2021/01/05 23:40:03,17
6001000,1000214,2021/02/03 15:57:14,3
6001001,1000148,2021/01/09 01:26:13,8
6001002,1000799,2020/12/17 07:47:46,11
6001003,1000948,2021/02/14 06:24:37,17
6001004,1000610,2021/01/25 06:24:58,8
6001005,1000090,2020/12/30 10:32:03,19
6001006,1000190,2020/12/05 10:12:53,7
6001007,1000598,2020/12/17 11:18:05,3
6001008,1000389,2020/12/10 16:41:47,2
6001009,1000885,2021/01/09 09:43:55,18
6001010,1000518,2020/12/26 10:45:11,5
6001011,1000904,2021/01/25 22:41:20,19
6001012,1000390,2020/12/09 20:20:54,11
6001013,1000690,2020/12/20 10:11:26,17
6001014,1000318,2021/01/25 08:39:45,16
6001015,1000024,2020/12/26 19:55:53,14
6001016,1000635,2021/02/04 02:15:37,17
6001017,1000323,2021/01/27 02:19:17,2
6001018,1000874,2020/12/15 11:54:22,10
6001019,1000567,2020/12/15 19:08:05,13
6001020,1000945,2020/12/20 21:14:40,9
6001021,1000087,2021/02/09 18:56:04,13
6001022,1000651,2021/01/17 15:05:30,14
6001023,1000232,2021/02/19 08:43:58,19
6001024,1000195,2020/12/22 10:21:39,17
6001025,1000555,2020/12/05 07:24:55,11
6001026,1000847,2021/01/12 07:08:27,7
6001027,1000479,2021/02/01 21:17:19,9
6001028,1000281,2020/12/24 07:53:23,10
6001029,1000273,2021/02/06 11:32:24,8
6001030,1000982,2021/02/14 19:39:11,1
6001031,1000916,2021/01/11 21:17:26,5
6001032,1000796,2020/12/05 09:26:50,4
6001033,1000569,2021/02/02 09:16:50,3
6001034,1000238,2021/01/03 18:03:13,17
6001035,1000281,2021/01/02 21:42:26,2
6001036,1000059,2021/02/08 19:43:24,19
6001037,1000715,2021/02/15 13:23:44,4
6001038,1000517,2021/02/03 04:06:22,18
6001039,1000453,2020/12/23 18:35:09,16
6001040,1000742,2021/01/30 15:02:03,20
6001041,1000992,2020/12/24 10:35:20,14
6001042,1000945,2020/12/05 14:44:55,5
6001043,1000210,2020/12/27 17:15:55,9
6001044,1000718,2020/12/04 23:41:26,3
6001045,1000107,2020/12/23 16:47:06,5
6001046,1000237,2021/01/07 00:02:53,9
6001047,1000174,2020/12/10 20:40:55,8
6001048,1000826,2020/12/08 00:48:36,10
6001049,1000983,2021/02/09 23:36:48,16
6001050,1000958,2020/12/18 22:32:41,2
6001051,1000817,2020/12/27 10:16:29,18
6001052,1000963,2021/02/15 20:55:39,6
6001053,1000302,2021/01/16 20:18:13,15
6001054,1000130,2021/01/24 00:01:23,16
6001055,1000701,2021/01/04 11:00:01,13
6001056,1000321,2021/01/07 18:05:36,10
6001057,1000046,2020/12/27 20:39:37,8
6001058,1000125,2021/01/22 04:15:16,13
6001059,1000549,2021/01/24 08:56:58,15
6001060,1000743,2021/01/01 05:02:28,17
6001061,1000809,2021/01/25 23:41:08,2
6001062,1000662,2021/01/03 03:24:54,3
6001063,1000721,2021/02/11 04:57:46,12
6001064,1000477,2020/12/09 10:20:25,4
6001065,1000001,2021/01/12 14:52:59,14
6001066,1000015,2021/02/01 02:00:46,18
6001067,1000218,2021/01/25 11:19:55,18
6001068,1000670,2021/02/02 18:13:43,2
6001069,1000368,2021/01/11 01:35:51,6
6001070,1000053,2021/01/27 07:27:16,10
6001071,1000526,2021/01/28 05:28:02,8
6001072,1000513,2021/01/04 10:53:24,11
6001073,1000159,2021/01/24 23:41:18,1
6001074,1000549,2021/01/17 20:59:59,11
6001075,1000029,2021/01/02 01:15:57,11
6001076,1000218,2020/12/12 05:16:41,20
6001077,1000638,2021/01/16 04:53:35,3
6001078,1000675,2020/12/12 03:10:13,7
6001079,1000280,2021/02/13 19:50:47,11
6001080,1000559,2021/01/27 00:37:10,1
6001081,1000843,2021/02/02 03:13:32,16
6001082,1000620,2021/02/02 12:22:26,1
6001083,1000721,2021/02/03 01:37:47,12
6001084,1000713,2020/12/22 17:54:01,18
6001085,1000980,2020/12/02 18:36:11,13
6001086,1000034,2021/02/17 14:50:12,20
6001087,1000201,2020/12/26 10:32:10,13
6001088,1000101,2021/02/11 07:53:59,17
6001089,1000566,2020/12/25 12:35:17,16
6001090,1000379,2020/12/13 18:37:06,13
6001091,1000546,2021/02/06 11:57:29,16
6001092,1000333,2020/12/28 17:38:59,17
6001093,1000196,2021/02/01 05:51:04,13
6001094,1000956,2021/01/05 11:13:10,14
6001095,1000946,2020/12/29 10:47:41,5
6001096,1000607,2020/12/01 20:20:06,16
6001097,1000008,2021/01/20 16:44:31,3
6001098,1000524,2020/12/14 14:10:51,7
6001099,1000318,2021/01/09 07:20:31,2
6001100,1000971,2021/01/08 17:56:53,16
6001101,1000101,2021/02/14 04:24:49,20
6001102,1000941,2021/01/02 18:59:59,17
6001103,1000597,2020/12/10 18:59:59,2
6001104,1000209,2020/12/04 08:26:01,16
6001105,1000170,2021/01/03 09:08:42,13
6001106,1000053,2021/02/08 08:17:20,13
6001107,1000884,2021/02/14 17:00:56,20
6001108,1000214,2020/12/18 21:12:55,15
6001109,1000777,2021/02/20 12:46:40,11
6001110,1000655,2021/02/20 21:27:54,2
6001111,1000563,2021/01/10 19:55:06,13
6001112,1000646,2021/02/20 06:37:11,10
6001113,1000937,2021/01/15 14:26:01,14
6001114,1000535,2020/12/29 07:51:32,10
6001115,1000854,2021/01/18 21:03:57,15
6001116,1000655,2020/12/30 13:14:15,10
6001117,1000696,2021/01/01 16:24:41,6
6001118,1000983,2021/01/09 17:27:46,16
6001119,1000764,2020/12/05 07:27:46,14
6001120,1000876,2021/01/10 07:16:54,16
6001121,1000407,2020/12/20 15:45:31,11
6001122,1000160,2021/02/17 08:10:04,13
6001123,1000056,2020/12/29 13:24:17,8
6001124,1000615,2021/01/04 07:58:25,5
6001125,1000736,2021/01/22 05:21:28,2
6001126,1000001,2021/01/19 11:46:19,11
6001127,1000703,2021/01/03 07:36:07,4
6001128,1000709,2021/01/29 05:07:40,3
6001129,1000434,2021/01/13 06:20:19,15
6001130,1000211,2021/02/12 15:21:13,1
6001131,1000327,2020/12/07 01:20:58,16
6001132,1000302,2020/12/12 04:12:40,11
6001133,1000325,2021/01/07 17:11:14,6
6001134,1000484,2021/01/12 15:28:39,4
6001135,1000835,2020/12/03 02:32:04,11
6001136,1000009,2021/01/07 07:53:17,16
6001137,1000980,2020/12/26 12:01:48,4
6001138,1000296,2020/12/01 06:54:51,3
6001139,1000181,2021/01/18 05:58:38,3
6001140,1000003,2020/12/11 03:54:56,16
6001141,1000587,2021/02/20 06:26:43,19
6001142,1000212,2020/12/25 02:47:58,20
6001143,1000935,2021/02/01 00:11:16,15
6001144,1000385,2020/12/26 21:16:59,1
6001145,1000439,2021/02/06 09:10:12,13
6001146,1000342,2021/01/02 06:48:19,15
6001147,1000014,2020/12/16 07:33:01,8
6001148,1000039,2021/01/28 14:09:38,3
6001149,1000596,2020/12/23 00:50:29,15
6001150,1000575,2021/01/30 07:40:04,3
6001151,1000632,2021/01/04 06:10:29,17
6001152,1000767,2021/01/28 12:13:37,16
6001153,1000944,2021/01/17 19:04:23,18
6001154,1000715,2020/12/30 11:38:47,17
6001155,1000471,2021/01/11 11:36:05,16
6001156,1000114,2020/12/20 17:54:33,14
6001157,1000820,2021/01/30 21:14:09,19
6001158,1000765,2021/01/26 01:30:55,1
6001159,1000885,2020/12/20 22:40:53,15
6001160,1000910,2020/12/07 10:02:54,20
6001161,1000126,2020/12/01 01:26:53,20
6001162,1000432,2021/01/27 13:36:43,10
6001163,1000810,2021/01/11 17:31:12,13
6001164,1000304,2021/02/15 00:10:23,2
6001165,1000591,2020/12/25 17:45:21,11
6001166,1000119,2020/12/04 04:09:10,16
6001167,1000581,2021/01/10 16:58:52,8
6001168,1000108,2021/02/12 03:51:32,12
6001169,1000870,2021/01/01 11:28:30,7
6001170,1000486,2021/02/11 17:39:00,2
6001171,1000796,2021/02/06 12:24:38,20
6001172,1000560,2021/02/04 13:56:41,18
6001173,1000793,2021/01/03 03:22:56,8
6001174,1000370,2021/02/03 05:37:55,18
6001175,1000854,2021/02/05 21:26:34,5
6001176,1000751,2021/01/12 14:33:13,9
6001177,1000090,2021/01/22 23:02:23,3
6001178,1000769,2020/12/23 15:43:33,17
6001179,1000308,2020/12/27 16:05:21,8
6001180,1000597,2021/01/26 15:37:51,17
6001181,1000381,2021/02/18 02:46:54,2
6001182,1000663,2020/12/01 12:48:42,7
6001183,1000813,2020/12/03 06:49:24,16
6001184,1000734,2021/02/04 16:13:23,7
6001185,1000772,2021/01/19 23:27:05,3
6001186,1000242,2021/02/20 13:13:39,20
6001187,1000928,2020/12/27 16:35:14,6
6001188,1000211,2021/02/16 12:29:08,13
6001189,1000775,2021/01/02 08:14:04,9
6001190,1000258,2021/01/21 15:43:39,6
6001191,1000905,2021/01/11 13:35:13,16
6001192,1000927,2020/12/01 00:57:57,13
6001193,1000846,2021/01/21 18:21:12,16
6001194,1000852,2020/12/13 09:53:21,11
6001195,1000257,2020/12/24 06:32:28,4
6001196,1000927,2020/12/25 01:44:17,5
6001197,1000452,2020/12/15 16:15:48,19
6001198,1000817,2020/12/13 09:49:43,13
6001199,1000645,2020/12/30 20:09:44,10
6001200,1000550,2020/12/25 07:04:16,7
6001201,1000859,2020/12/09 20:42:24,18
6001202,1000995,2020/12/14 08:57:04,8
6001203,1000449,2020/12/22 09:10:38,6
6001204,1000061,2020/12/15 12:33:12,8
6001205,1000464,2021/02/09 13:26:51,1
6001206,1000084,2020/12/15 07:54:34,16
6001207,1000172,2021/02/16 08:05:03,10
6001208,1000443,2020/12/05 09:42:28,14
6001209,1000855,2021/01/30 14:22:53,14
6001210,1000481,2021/02/20 20:33:39,9
6001211,1000203,2020/12/12 18:20:58,4
6001212,1000405,2021/02/17 03:01:11,1
6001213,1000145,2021/01/23 09:30:08,11
6001214,1000979,2021/02/13 13:32:48,11
6001215,1000280,2021/01/15 10:20:35,18
6001216,1000099,2021/01/16 07:24:26,9
6001217,1000634,2020/12/05 11:55:41,12
6001218,1000209,2021/01/07 07:28:16,18
6001219,1000464,2020/12/17 10:41:01,9
6001220,1000267,2021/01/29 23:06:50,18
6001221,1000447,2020/12/02 01:45:24,13
6001222,1000519,2021/01/13 08:02:40,4
6001223,1000505,2021/01/16 10:22:17,5
6001224,1000036,2020/12/01 13:55:23,12
6001225,1000151,2021/01/29 08:11:21,2
6001226,1000076,2020/12/27 08:36:26,8
6001227,1000330,2021/01/02 12:30:43,9
6001228,1000717,2020/12/24 15:02:30,5
6001229,1000018,2021/01/01 07:03:03,3
6001230,1000350,2021/02/15 15:00:51,3
6001231,1000335,2021/01/22 17:33:33,18
6001232,1000911,2021/02/07 17:33:31,1
6001233,1000805,2020/12/03 14:38:24,16
6001234,1000583,2021/02/18 09:32:47,7
6001235,1000723,2020/12/30 09:56:02,9
6001236,1000247,2021/01/17 02:47:49,14
6001237,1000795,2020/12/09 07:26:50,19
6001238,1000194,2021/02/13 16:20:31,16
6001239,1000010,2020/12/23 10:07:17,14
6001240,1000736,2020/12/31 14:48:25,9
6001241,1000167,2021/02/04 05:48:15,11
6001242,1000788,2020/12/04 02:37:10,19
6001243,1000202,2021/02/17 16:30:08,19
6001244,1000866,2021/01/17 07:09:56,9
6001245,1000641,2021/02/15 13:15:02,20
6001246,1000685,2021/01/26 15:21:34,20
6001247,1000978,2021/01/29 17:56:28,19
6001248,1000774,2021/02/09 05:44:41,17
6001249,1000951,2020/12/11 21:39:23,18
6001250,1000672,2021/01/08 23:00:11,14
6001251,1000920,2020/12/14 02:46:39,12
6001252,1000224,2021/01/04 19:11:56,12
6001253,1000958,2021/02/06 21:39:12,12
6001254,1000293,2020/12/29 10:29:12,6
6001255,1000182,2020/12/17 23:40:36,9
6001256,1000796,2020/12/26 10:02:00,17
6001257,1000247,2020/12/01 06:00:56,2
6001258,1000926,2021/01/18 00:41:46,14
6001259,1000350,2021/01/02 10:23:39,13
6001260,1000703,2021/01/13 07:01:57,16
6001261,1000385,2020/12/19 11:56:26,18
6001262,1000165,2021/01/25 13:58:48,4
6001263,1000555,2020/12/07 23:43:24,14
6001264,1000522,2021/02/03 03:56:40,5
6001265,1000486,2021/02/08 13:23:31,5
6001266,1000793,2021/01/20 04:42:02,11
6001267,1000560,2021/01/09 12:04:59,2
6001268,1000498,2021/01/20 17:06:43,7
6001269,1000603,2020/12/23 12:09:43,8
6001270,1000440,2021/01/23 18:02:05,12
6001271,1000046,2020/12/18 04:42:01,9
6001272,1000055,2021/02/20 17:16:37,9
6001273,1000462,2021/02/14 05:15:52,18
6001274,1000369,2021/01/13 15:26:38,2
6001275,1000764,2021/01/28 22:45:53,8
6001276,1000815,2021/01/01 20:16:20,6
6001277,1000119,2021/02/06 09:17:26,9
6001278,1000392,2020/12/11 10:55:01,1
6001279,1000369,2021/01/05 17:38:22,16
6001280,1000907,2021/01/09 06:18:50,8
6001281,1000744,2021/01/11 07:41:53,18
6001282,1000787,2021/01/14 02:51:11,10
6001283,1000615,2021/01/20 23:56:57,6
6001284,1000712,2021/01/28 04:03:38,14
6001285,1000597,2021/01/12 08:05:18,15
6001286,1000012,2021/02/15 05:48:51,8
6001287,1000266,2021/01/29 19:15:03,13
6001288,1000216,2021/02/12 10:27:56,17
6001289,1000731,2021/01/04 16:27:47,17
6001290,1000824,2021/02/08 10:57:37,19
6001291,1000958,2021/01/31 21:39:51,5
6001292,1000114,2020/12/07 21:58:15,7
6001293,1000662,2020/12/14 00:57:26,10
6001294,1000169,2020/12/29 16:50:33,14
6001295,1000736,2021/02/03 06:46:54,4
6001296,1000679,2021/02/11 06:00:13,4
6001297,1000159,2021/01/05 05:12:35,12
6001298,1000038,2021/02/04 06:13:56,16
6001299,1000573,2021/01/26 15:36:37,13
6001300,1000522,2021/02/08 13:47:35,10
6001301,1000568,2021/01/05 18:06:56,17
6001302,1000200,2020/12/28 03:52:20,19
6001303,1000645,2021/01/11 10:14:13,18
6001304,1000041,2021/01/17 07:20:46,1
6001305,1000635,2020/12/19 07:18:48,7
6001306,1000144,2020/12/08 18:43:28,13
6001307,1000928,2021/01/11 14:16:27,5
6001308,1000921,2021/01/31 05:25:52,14
6001309,1000209,2020/12/27 14:22:22,8
6001310,1000568,2020/12/03 02:14:25,15
6001311,1000492,2021/02/13 16:43:01,20
6001312,1000395,2021/01/28 09:10:05,4
6001313,1000114,2020/12/09 02:11:53,16
6001314,1000070,2020/12/04 04:32:03,10
6001315,1000096,2021/01/15 19:56:08,10
6001316,1000049,2020/12/13 10:26:51,14
6001317,1000666,2021/01/13 23:18:20,6
6001318,1000184,2020/12/12 04:20:58,2
6001319,1000970,2021/02/20 20:09:55,9
6001320,1000315,2021/01/17 01:27:14,14
6001321,1000252,2020/12/16 08:56:01,13
6001322,1000149,2021/01/01 03:03:41,19
6001323,1000917,2020/12/16 23:22:02,3
6001324,1000321,2021/02/19 02:13:59,7
6001325,1000542,2020/12/21 15:12:32,16
6001326,1000168,2021/01/20 11:42:20,7
6001327,1000423,2020/12/27 04:55:55,17
6001328,1000164,2020/12/04 21:58:00,12
6001329,1000247,2021/02/09 06:07:11,13
6001330,1000541,2020/12/06 22:11:00,6
6001331,1000391,2021/02/13 17:49:36,1
6001332,1000377,2020/12/11 19:56:33,15
6001333,1000222,2020/12/16 02:47:28,18
6001334,1000694,2020/12/30 20:35:04,14
6001335,1000498,2021/02/01 02:04:32,20
6001336,1000237,2021/01/13 23:26:40,4
6001337,1000943,2020/12/07 20:59:45,6
6001338,1000065,2021/02/06 17:35:50,1
6001339,1000262,2021/02/16 16:08:47,17
6001340,1000338,2020/12/20 21:03:04,18
6001341,1000101,2021/02/13 03:38:02,4
6001342,1000328,2021/01/04 13:13:51,16
6001343,1000903,2021/01/09 02:57:46,13
6001344,1000378,2021/01/15 18:56:16,4
6001345,1000957,2021/01/16 18:39:33,15
6001346,1000913,2021/01/29 09:57:23,6
6001347,1000205,2021/01/19 21:55:43,4
6001348,1000933,2020/12/22 19:35:06,11
6001349,1000080,2021/01/31 04:31:22,17
6001350,1000735,2021/01/03 14:20:58,1
6001351,1000374,2020/12/16 20:27:20,5
6001352,1000018,2021/01/18 22:08:10,11
6001353,1000669,2021/01/11 19:04:22,10
6001354,1000803,2021/02/13 03:22:45,9
6001355,1000669,2021/02/03 23:49:23,8
6001356,1000487,2021/01/12 05:55:34,18
6001357,1000162,2020/12/27 21:28:06,11
6001358,1000333,2020/12/26 09:24:43,11
6001359,1000366,2021/02/18 06:40:14,4
6001360,1000557,2021/01/13 12:17:00,11
6001361,1000896,2021/01/03 20:03:19,9
6001362,1000994,2021/01/01 18:33:09,16
6001363,1000230,2020/12/29 01:33:45,10
6001364,1000648,2021/01/30 18:52:29,13
6001365,1000843,2020/12/01 09:07:12,12
6001366,1000429,2021/01/15 21:48:39,2
6001367,1000971,2021/01/13 23:48:46,9
6001368,1000594,2021/02/16 13:54:54,15
6001369,1000161,2021/01/12 08:38:58,19
6001370,1000486,2021/02/09 17:41:56,7
6001371,1000862,2021/01/22 20:51:15,9
6001372,1000962,2020/12/21 17:13:16,4
6001373,1000681,2020/12/27 17:17:21,10
6001374,1000097,2020/12/16 06:31:44,3
6001375,1000546,2021/01/08 15:31:37,9
6001376,1000084,2020/12/04 16:50:47,15
6001377,1000342,2021/02/19 13:33:12,6
6001378,1000683,2021/01/29 09:53:25,7
6001379,1000669,2020/12/21 18:49:02,8
6001380,1000700,2021/02/09 06:48:05,9
6001381,1000578,2021/02/15 04:56:39,2
6001382,1000328,2021/01/05 15:16:12,7
6001383,1000290,2021/01/15 23:16:07,9
6001384,1000794,2021/01/19 09:34:14,16
6001385,1000428,2020/12/22 11:53:36,4
6001386,1000576,2020/12/20 12:33:33,12
6001387,1000882,2020/12/04 07:09:30,14
6001388,1000176,2021/01/03 01:46:02,13
6001389,1000140,2021/01/07 06:25:46,9
6001390,1000045,2020/12/19 15:11:58,14
6001391,1000742,2021/01/30 17:53:27,14
6001392,1000047,2021/01/12 15:36:45,14
6001393,1000531,2020/12/08 10:48:38,10
6001394,1000509,2021/01/09 18:46:10,1
6001395,1000526,2021/02/05 06:00:04,1
6001396,1000071,2021/01/28 18:52:05,17
6001397,1000864,2021/02/14 18:11:35,3
6001398,1000952,2021/02/19 18:38:46,3
6001399,1000202,2020/12/28 08:12:41,2
6001400,1000516,2021/01/29 14:14:49,5
6001401,1000234,2021/01/04 21:12:54,4
6001402,1000099,2020/12/13 10:01:47,3
6001403,1000356,2021/01/18 14:28:13,3
6001404,1000031,2020/12/22 18:24:39,13
6001405,1000396,2020/12/03 07:14:19,18
6001406,1000498,2021/01/01 03:16:12,2
6001407,1000023,2020/12/31 12:31:43,11
6001408,1000597,2020/12/03 14:56:40,3
6001409,1000602,2021/02/02 02:45:35,14
6001410,1000487,2020/12/27 06:06:07,16
6001411,1000790,2021/02/04 16:02:14,15
6001412,1000288,2021/02/20 13:28:48,15
6001413,1000080,2021/01/28 17:40:35,7
6001414,1000885,2021/01/25 07:54:53,16
6001415,1000612,2021/01/06 05:08:44,4
6001416,1000993,2021/01/04 14:57:17,8
6001417,1000242,2020/12/07 18:59:34,19
6001418,1000505,2020/12/12 17:53:31,1
6001419,1000328,2020/12/26 21:33:29,3
6001420,1000268,2021/02/01 06:31:12,11
6001421,1000164,2020/12/05 03:14:10,4
6001422,1000337,2021/02/08 19:42:03,16
6001423,1000791,2021/02/14 07:40:15,4
6001424,1000565,2020/12/19 23:11:09,18
6001425,1000115,2021/02/04 21:27:23,5
6001426,1000824,2021/02/13 23:48:07,4
6001427,1000752,2021/02/08 00:45:05,10
6001428,1000262,2020/12/31 08:50:03,8
6001429,1000309,2021/02/02 01:31:08,8
6001430,1000919,2020/12/25 15:42:43,15
6001431,1000580,2020/12/04 21:22:03,19
6001432,1000972,2021/01/27 16:14:00,8
6001433,1000536,2021/01/30 01:27:04,3
6001434,1000306,2020/12/10 00:29:42,11
6001435,1000503,2021/01/14 11:26:45,2
6001436,1000414,2020/12/23 13:00:02,5
6001437,1000241,2021/02/07 07:44:51,16
6001438,1000284,2020/12/04 14:03:49,8
6001439,1000051,2021/02/13 03:51:33,20
6001440,1000587,2021/01/04 08:55:33,13
6001441,1000182,2021/01/03 18:27:38,15
6001442,1000493,2021/01/02 21:57:57,17
6001443,1000466,2021/02/05 18:43:05,8
6001444,1000667,2020/12/03 21:50:27,6
6001445,1000823,2021/01/07 10:56:25,15
6001446,1000075,2021/01/17 06:51:45,13
6001447,1000982,2021/01/17 14:14:41,19
6001448,1000893,2021/02/02 02:43:15,1
6001449,1000732,2021/02/09 12:30:10,10
6001450,1000326,2020/12/13 00:43:37,10
6001451,1000620,2020/12/08 03:01:15,10
6001452,1000737,2020/12/08 19:52:49,12
6001453,1000121,2021/02/12 20:31:32,10
6001454,1000369,2020/12/20 10:27:34,20
6001455,1000002,2021/02/12 06:53:42,14
6001456,1000748,2020/12/23 17:39:07,12
6001457,1000969,2021/01/05 13:41:37,18
6001458,1000130,2021/01/09 20:51:26,1
6001459,1000818,2021/01/04 23:01:08,8
6001460,1000569,2021/02/05 16:54:59,10
6001461,1000680,2020/12/25 23:42:23,1
6001462,1000902,2021/02/16 20:51:43,15
6001463,1000286,2020/12/17 05:13:06,2
6001464,1000567,2020/12/14 12:59:30,13
6001465,1000762,2021/02/07 05:14:52,8
6001466,1000088,2020/12/04 23:34:50,9
6001467,1000288,2020/12/27 06:20:39,12
6001468,1000544,2021/02/16 06:11:44,14
6001469,1000709,2021/02/06 08:11:22,10
6001470,1000549,2020/12/19 12:59:51,18
6001471,1000709,2021/02/04 12:33:58,10
6001472,1000371,2021/02/08 22:40:25,10
6001473,1000692,2020/12/16 23:08:56,8
6001474,1000704,2020/12/01 06:27:50,4
6001475,1000200,2021/01/02 05:16:56,3
6001476,1000543,2021/01/12 23:07:58,15
6001477,1000301,2021/01/13 09:36:43,3
6001478,1000206,2020/12/31 22:54:51,16
6001479,1000916,2021/01/24 10:06:22,10
6001480,1000279,2021/01/02 02:56:34,10
6001481,1000256,2020/12/24 21:07:24,16
6001482,1000469,2021/01/14 05:25:07,16
6001483,1000501,2020/12/21 09:21:38,10
6001484,1000564,2020/12/01 14:19:13,3
6001485,1000245,2021/01/08 09:55:45,2
6001486,1000696,2021/01/24 06:04:28,9
6001487,1000473,2021/01/30 11:19:16,3
6001488,1000697,2021/01/04 20:27:33,5
6001489,1000106,2021/01/16 06:51:36,6
6001490,1000761,2021/01/19 16:10:07,10
6001491,1000435,2021/02/16 05:03:12,12
6001492,1000369,2020/12/03 09:50:06,2
6001493,1000535,2021/01/28 23:14:22,9
6001494,1000323,2021/02/05 23:28:50,1
6001495,1000073,2020/12/21 13:34:28,15
6001496,1000914,2021/01/28 22:59:56,9
6001497,1000113,2021/01/30 18:29:19,1
6001498,1000815,2021/02/09 09:56:42,8
6001499,1000367,2020/12/05 23:16:09,4
6001500,1000030,2020/12/21 14:37:47,7
6001501,1000273,2021/01/24 19:49:28,5
6001502,1000226,2021/01/06 18:51:29,6
6001503,1000836,2021/01/11 08:55:21,13
6001504,1000413,2021/02/19 20:47:43,12
6001505,1000511,2020/12/09 21:04:20,9
6001506,1000187,2021/01/05 04:24:01,5
6001507,1000349,2020/12/07 19:10:25,11
6001508,1000613,2020/12/28 16:43:11,6
6001509,1000602,2021/01/16 14:15:53,14
6001510,1000983,2020/12/28 06:20:51,20
6001511,1000336,2021/01/16 01:51:06,17
6001512,1000559,2021/02/01 09:53:08,20
6001513,1000270,2021/01/03 03:19:59,16
6001514,1000070,2021/01/28 08:23:41,16
6001515,1000534,2021/02/18 08:20:50,2
6001516,1000852,2020/12/18 16:14:59,15
6001517,1000734,2021/01/02 10:13:29,16
6001518,1000923,2021/02/09 12:43:50,12
6001519,1000200,2020/12/16 16:44:34,4
6001520,1000974,2021/01/03 17:14:27,7
6001521,1000919,2021/01/24 13:50:13,3
6001522,1000724,2021/02/14 12:03:49,13
6001523,1000982,2021/02/01 09:13:16,3
6001524,1000886,2021/01/12 01:32:58,15
6001525,1000554,2021/02/18 14:36:39,14
6001526,1000738,2021/02/03 10:23:57,17
6001527,1000656,2021/01/06 07:11:38,7
6001528,1000943,2021/02/06 14:11:08,9
6001529,1000582,2020/12/31 22:22:48,14
6001530,1000561,2021/01/18 11:53:36,11
6001531,1000726,2021/02/09 00:43:31,9
6001532,1000742,2021/01/28 20:09:10,3
6001533,1000652,2020/12/07 00:21:05,16
6001534,1000906,2020/12/01 13:38:47,18
6001535,1000267,2020/12/04 14:01:58,3
6001536,1000215,2021/01/21 22:46:51,10
6001537,1000527,2020/12/13 19:21:25,11
6001538,1000684,2020/12/24 05:36:22,6
6001539,1000112,2020/12/09 11:15:30,13
6001540,1000591,2021/01/15 14:09:00,2
6001541,1000015,2020/12/13 11:19:16,3
6001542,1000308,2020/12/14 09:41:38,18
6001543,1000439,2021/02/20 06:38:21,17
6001544,1000987,2020/12/21 17:38:10,16
6001545,1000649,2021/01/14 23:42:38,4
6001546,1000248,2020/12/06 05:43:22,12
6001547,1000172,2021/02/16 16:46:56,20
6001548,1000852,2021/01/22 04:50:45,6
6001549,1000159,2021/01/29 12:12:07,2
6001550,1000695,2021/01/22 03:30:15,5
6001551,1000006,2020/12/01 06:55:38,1
6001552,1000153,2020/12/18 12:13:22,3
6001553,1000243,2021/01/24 06:47:08,8
6001554,1000430,2021/02/15 18:43:56,13
6001555,1000610,2021/02/20 01:06:44,15
6001556,1000538,2020/12/28 18:24:49,11
6001557,1000430,2021/02/16 13:10:37,9
6001558,1000049,2021/02/14 18:52:15,11
6001559,1000044,2020/12/13 12:18:52,18
6001560,1000163,2021/01/06 03:53:39,11
6001561,1000488,2021/02/01 07:33:12,6
6001562,1000803,2021/01/14 19:59:01,3
6001563,1000043,2021/01/30 07:23:41,13
6001564,1000199,2020/12/31 07:50:05,13
6001565,1000481,2021/02/17 17:37:47,7
6001566,1000254,2020/12/09 22:24:56,9
6001567,1000650,2021/01/25 11:25:47,11
6001568,1000384,2020/12/11 20:16:05,3
6001569,1000879,2021/02/08 02:32:54,11
6001570,1000564,2021/01/27 16:01:19,2
6001571,1000180,2021/02/18 23:31:09,7
6001572,1000116,2021/02/09 20:48:47,7
6001573,1000173,2020/12/18 22:05:53,10
6001574,1000461,2020/12/06 15:06:57,16
6001575,1000209,2021/01/13 07:46:33,8
6001576,1000308,2021/02/18 13:30:27,16
6001577,1000805,2020/12/03 20:23:43,3
6001578,1000712,2020/12/13 05:57:59,17
6001579,1000054,2021/01/04 05:29:00,13
6001580,1000441,2020/12/03 11:18:59,15
6001581,1000946,2021/02/14 19:04:16,19
6001582,1000140,2021/02/15 10:15:12,8
6001583,1000010,2020/12/04 14:11:44,14
6001584,1000756,2021/01/14 21:31:26,16
6001585,1000969,2020/12/29 12:24:27,2
6001586,1000101,2020/12/27 06:40:42,12
6001587,1000919,2020/12/15 15:19:06,10
6001588,1000964,2021/02/20 21:20:17,9
6001589,1000500,2021/02/03 09:53:33,3
6001590,1000397,2020/12/02 16:08:34,1
6001591,1000452,2021/01/12 19:00:20,8
6001592,1000425,2021/02/17 05:19:36,2
6001593,1000441,2021/02/12 18:47:42,18
6001594,1000930,2021/02/03 15:29:35,8
6001595,1000234,2021/02/06 17:44:20,19
6001596,1000474,2021/01/28 23:39:40,8
6001597,1000252,2020/12/27 00:45:42,15
6001598,1000981,2021/02/09 01:53:10,16
6001599,1000250,2020/12/18 20:39:51,8
6001600,1000124,2021/01/13 02:38:36,8
6001601,1000910,2021/01/30 09:53:13,19
6001602,1000394,2021/01/11 20:45:16,17
6001603,1000868,2021/01/20 12:33:09,20
6001604,1000241,2021/01/20 19:25:47,11
6001605,1000570,2020/12/29 02:36:35,6
6001606,1000156,2021/02/15 09:36:09,6
6001607,1000836,2021/01/23 18:09:47,7
6001608,1000388,2020/12/12 14:07:05,15
6001609,1000916,2021/01/17 14:26:10,6
6001610,1000102,2021/02/04 22:23:04,9
6001611,1000915,2021/02/08 19:27:26,1
6001612,1000973,2020/12/21 14:54:17,17
6001613,1000220,2020/12/22 15:03:47,18
6001614,1000374,2020/12/01 17:34:15,4
6001615,1000759,2020/12/16 07:01:07,18
6001616,1000198,2020/12/05 18:40:01,4
6001617,1000064,2021/02/16 07:09:55,5
6001618,1000869,2020/12/08 02:06:10,9
6001619,1000931,2021/01/25 07:57:49,17
6001620,1000248,2020/12/15 06:46:33,1
6001621,1000095,2020/12/14 06:02:08,4
6001622,1000911,2021/02/12 20:10:24,6
6001623,1000033,2021/02/15 00:24:46,6
6001624,1000953,2020/12/29 07:40:20,13
6001625,1000634,2020/12/28 13:17:19,14
6001626,1000515,2021/02/18 20:06:04,12
6001627,1000709,2021/01/16 06:31:45,18
6001628,1000238,2021/01/15 09:20:57,14
6001629,1000162,2021/02/17 15:13:28,1
6001630,1000399,2021/01/12 07:39:07,11
6001631,1000768,2021/01/03 17:48:40,12
6001632,1000414,2021/02/15 17:12:50,2
6001633,1000723,2021/01/26 01:00:10,3
6001634,1000278,2020/12/08 20:31:45,8
6001635,1000159,2020/12/04 15:53:00,16
6001636,1000646,2020/12/16 10:13:28,20
6001637,1000648,2021/01/30 22:29:59,6
6001638,1000780,2021/01/16 07:31:42,10
6001639,1000535,2020/12/06 10:28:44,12
6001640,1000642,2021/01/29 00:41:59,17
6001641,1000129,2020/12/15 01:42:54,13
6001642,1000357,2020/12/30 17:19:31,14
6001643,1000719,2020/12/17 10:05:38,12
6001644,1000454,2020/12/28 04:03:32,11
6001645,1000132,2020/12/08 10:09:25,20
6001646,1000453,2020/12/26 10:26:48,14
6001647,1000747,2020/12/05 20:05:12,9
6001648,1000724,2020/12/07 05:33:47,8
6001649,1000078,2020/12/18 03:43:16,4
6001650,1000465,2020/12/21 17:24:20,6
6001651,1000797,2020/12/17 09:05:46,10
6001652,1000865,2020/12/08 11:11:21,12
6001653,1000432,2020/12/10 01:11:39,4
6001654,1000884,2021/02/20 19:26:31,7
6001655,1000114,2020/12/14 10:04:04,14
6001656,1000512,2021/02/02 22:18:56,9
6001657,1000249,2021/02/19 05:29:01,12
6001658,1000665,2021/01/10 10:35:22,12
6001659,1000105,2021/01/23 06:19:11,13
6001660,1000260,2020/12/22 17:16:23,19
6001661,1000807,2021/02/05 02:35:08,8
6001662,1000089,2021/01/25 08:15:29,19
6001663,1000541,2021/02/10 02:36:02,16
6001664,1000274,2021/02/10 05:51:49,13
6001665,1000350,2021/01/19 22:56:03,19
6001666,1000373,2021/01/05 13:26:19,4
6001667,1000539,2021/02/20 16:42:57,11
6001668,1000833,2020/12/14 09:22:28,8
6001669,1000659,2020/12/25 08:34:26,19
6001670,1000141,2021/01/04 02:40:51,1
6001671,1000236,2021/01/11 04:13:16,4
6001672,1000509,2021/02/13 12:12:36,12
6001673,1000129,2021/02/13 04:55:04,14
6001674,1000382,2021/02/03 18:07:32,11
6001675,1000649,2021/01/14 09:03:08,15
6001676,1000008,2021/01/30 20:12:29,11
6001677,1000926,2021/02/05 18:10:51,2
6001678,1000038,2020/12/10 20:22:04,8
6001679,1000701,2021/02/14 00:08:16,18
6001680,1000315,2021/01/04 05:17:28,2
6001681,1000658,2020/12/02 17:45:34,8
6001682,1000045,2021/02/05 00:00:09,5
6001683,1000987,2021/01/07 08:24:44,18
6001684,1000338,2020/12/07 07:54:18,12
6001685,1000739,2021/01/17 05:01:55,10
6001686,1000620,2021/02/09 04:07:31,17
6001687,1000978,2021/01/16 19:32:41,12
6001688,1000655,2021/01/14 05:33:33,12
6001689,1000066,2021/02/13 23:46:35,11
6001690,1000886,2020/12/14 21:29:30,12
6001691,1000747,2020/12/22 11:23:29,18
6001692,1000544,2021/01/10 17:39:51,7
6001693,1000747,2020/12/20 01:21:05,11
6001694,1000043,2021/02/15 12:20:08,8
6001695,1000213,2021/02/01 16:02:09,6
6001696,1000461,2021/01/28 06:32:57,20
6001697,1000213,2020/12/20 06:28:53,19
6001698,1000678,2020/12/21 10:28:27,17
6001699,1000296,2021/02/15 03:29:45,2
6001700,1000538,2020/12/14 12:32:27,12
6001701,1000002,2020/12/23 08:48:33,19
6001702,1000928,2020/12/26 20:20:01,4
6001703,1000869,2020/12/04 20:27:14,13
6001704,1000111,2020/12/28 10:55:48,11
6001705,1000427,2021/01/17 22:20:00,10
6001706,1000950,2021/02/06 09:32:56,7
6001707,1000205,2021/01/21 10:19:32,3
6001708,1000945,2021/02/05 19:04:15,5
6001709,1000944,2021/02/04 06:22:28,2
6001710,1000584,2020/12/11 20:21:52,4
6001711,1000463,2021/01/21 07:21:52,4
6001712,1000752,2021/01/15 01:57:00,10
6001713,1000204,2021/02/20 06:43:38,18
6001714,1000226,2020/12/14 18:56:01,19
6001715,1000237,2021/02/12 13:04:01,4
6001716,1000057,2021/02/18 00:28:27,9
6001717,1000974,2021/01/10 20:51:04,1
6001718,1000531,2021/01/22 18:57:24,15
6001719,1000845,2021/01/26 19:25:32,3
6001720,1000993,2021/01/07 04:16:07,12
6001721,1000578,2021/02/10 17:39:54,19
6001722,1000278,2021/02/14 11:04:43,4
6001723,1000154,2021/01/28 15:40:16,2
6001724,1000085,2020/12/02 14:06:13,5
6001725,1000153,2021/02/10 09:26:48,10
6001726,1000183,2021/01/04 04:43:49,1
6001727,1000559,2020/12/10 14:13:57,1
6001728,1000058,2021/02/16 08:21:12,13
6001729,1000486,2020/12/09 09:29:22,20
6001730,1000440,2021/01/14 09:25:42,1
6001731,1000272,2021/02/04 01:48:04,4
6001732,1000744,2020/12/25 22:19:34,5
6001733,1000879,2021/02/16 08:20:34,13
6001734,1000458,2020/12/11 17:26:19,3
6001735,1000401,2020/12/21 20:13:25,12
6001736,1000475,2021/01/20 04:00:30,20
6001737,1000683,2021/01/11 08:04:10,12
6001738,1000840,2021/01/19 03:46:30,1
6001739,1000175,2020/12/27 10:29:18,18
6001740,1000058,2020/12/26 20:04:52,16
6001741,1000693,2021/01/23 08:48:38,3
6001742,1000534,2020/12/16 16:09:37,7
6001743,1000176,2021/01/18 02:35:04,8
6001744,1000743,2020/12/11 02:57:17,6
6001745,1000564,2020/12/03 16:29:30,3
6001746,1000584,2020/12/12 10:15:29,12
6001747,1000511,2020/12/24 22:43:33,13
6001748,1000744,2021/01/19 07:45:09,18
6001749,1000060,2020/12/15 09:45:59,15
6001750,1000954,2021/01/25 02:05:25,8
6001751,1000714,2021/02/08 18:30:28,5
6001752,1000872,2021/01/03 12:45:11,14
6001753,1000176,2020/12/10 20:04:58,8
6001754,1000060,2020/12/23 15:11:33,15
6001755,1000488,2021/01/14 17:41:17,19
6001756,1000405,2021/02/04 02:14:50,17
6001757,1000592,2020/12/05 13:08:21,19
6001758,1000787,2021/02/02 17:00:36,16
6001759,1000442,2021/02/17 16:25:00,13
6001760,1000755,2020/12/13 18:29:24,9
6001761,1000719,2021/01/09 20:48:21,4
6001762,1000050,2020/12/02 23:05:55,1
6001763,1000079,2021/01/03 16:34:32,16
6001764,1000438,2021/01/10 00:16:14,19
6001765,1000173,2021/02/06 15:49:19,4
6001766,1000337,2021/01/19 01:10:23,17
6001767,1000613,2021/01/26 17:05:05,9
6001768,1000300,2021/01/10 08:02:57,16
6001769,1000152,2021/02/11 22:00:55,8
6001770,1000297,2020/12/03 12:09:20,16
6001771,1000633,2021/01/05 17:26:28,7
6001772,1000255,2020/12/18 22:18:37,3
6001773,1000177,2021/01/31 07:50:38,15
6001774,1000642,2020/12/13 20:02:12,3
6001775,1000996,2021/02/03 13:03:30,14
6001776,1000494,2020/12/02 20:35:59,15
6001777,1000995,2020/12/09 15:21:10,12
6001778,1000548,2020/12/22 03:41:10,20
6001779,1000779,2021/01/04 18:54:02,13
6001780,1000919,2021/01/25 15:55:24,5
6001781,1000841,2020/12/10 10:33:03,2
6001782,1000749,2021/01/26 23:33:14,16
6001783,1000899,2020/12/27 17:34:15,11
6001784,1000261,2021/02/18 14:18:28,18
6001785,1000887,2020/12/01 07:48:14,20
6001786,1000863,2021/02/15 19:41:20,16
6001787,1000937,2020/12/27 02:48:12,17
6001788,1000612,2021/01/06 21:47:00,14
6001789,1000796,2020/12/02 14:05:54,4
6001790,1000431,2020/12/26 18:48:03,8
6001791,1000739,2020/12/26 19:28:08,4
6001792,1000123,2020/12/08 06:17:28,13
6001793,1000042,2021/02/05 08:53:22,14
6001794,1000904,2020/12/02 20:23:37,15
6001795,1000256,2020/12/02 16:22:20,7
6001796,1000093,2021/01/28 02:18:17,11
6001797,1000865,2021/02/11 14:17:24,10
6001798,1000738,2021/01/23 02:18:53,14
6001799,1000555,2020/12/21 16:07:05,13
6001800,1000971,2021/01/23 04:01:20,19
6001801,1000303,2021/02/14 05:53:53,9
6001802,1000076,2020/12/05 10:26:35,13
6001803,1000869,2020/12/30 05:07:35,9
6001804,1000594,2021/01/05 15:21:41,15
6001805,1000005,2021/02/15 14:23:39,16
6001806,1000884,2021/01/31 16:33:55,1
6001807,1000123,2020/12/31 05:26:37,4
6001808,1000749,2020/12/02 17:47:33,8
6001809,1000186,2020/12/15 07:02:03,7
6001810,1000879,2021/02/17 10:30:24,8
6001811,1000297,2021/02/10 23:24:38,5
6001812,1000923,2020/12/26 20:27:06,7
6001813,1000516,2021/02/13 22:19:11,3
6001814,1000471,2020/12/18 19:14:17,15
6001815,1000921,2021/02/15 06:26:30,17
6001816,1000368,2021/01/28 15:03:36,19
6001817,1000560,2021/01/09 18:19:21,16
6001818,1000150,2020/12/27 03:07:08,2
6001819,1000693,2021/02/11 03:24:34,13
6001820,1000294,2021/02/13 05:39:58,18
6001821,1000096,2021/02/17 09:38:02,6
6001822,1000346,2021/02/17 20:01:19,1
6001823,1000263,2020/12/24 19:48:53,19
6001824,1000022,2021/01/21 06:44:42,13
6001825,1000071,2021/02/11 08:06:12,1
6001826,1000905,2021/02/04 05:18:11,2
6001827,1000434,2021/01/07 07:39:59,2
6001828,1000446,2020/12/11 08:52:33,8
6001829,1000860,2020/12/07 13:52:51,5
6001830,1000026,2021/01/29 04:22:05,19
6001831,1000578,2021/01/03 18:14:14,2
6001832,1000758,2020/12/23 07:53:05,17
6001833,1000979,2021/01/28 10:45:46,13
6001834,1000582,2021/01/27 18:01:39,13
6001835,1000186,2021/02/18 04:56:16,4
6001836,1000453,2020/12/08 06:35:15,19
6001837,1000828,2020/12/01 07:40:56,12
6001838,1000581,2020/12/28 11:44:08,17
6001839,1000506,2021/01/12 06:06:40,18
6001840,1000981,2020/12/25 14:30:20,6
6001841,1000871,2020/12/06 09:19:09,1
6001842,1000937,2021/01/31 19:02:51,15
6001843,1000421,2021/01/10 08:45:05,5
6001844,1000336,2021/02/08 13:23:39,12
6001845,1000376,2021/02/17 00:04:14,9
6001846,1000124,2021/02/16 17:15:01,12
6001847,1000927,2021/01/01 14:23:59,8
6001848,1000051,2020/12/19 00:56:20,6
6001849,1000775,2020/12/05 15:41:11,6
6001850,1000334,2021/02/07 03:02:32,20
6001851,1000086,2021/01/29 13:27:33,20
6001852,1000706,2021/02/10 10:30:42,1
6001853,1000502,2021/02/20 07:20:27,18
6001854,1000260,2021/02/02 05:49:36,4
6001855,1000801,2020/12/06 06:20:00,5
6001856,1000747,2021/01/26 00:34:04,19
6001857,1000309,2020/12/01 17:17:29,8
6001858,1000152,2021/02/03 06:26:51,10
6001859,1000746,2020/12/19 18:15:24,20
6001860,1000757,2021/01/13 11:46:18,2
6001861,1000160,2021/01/27 16:12:01,14
6001862,1000230,2020/12/30 21:24:40,11
6001863,1000556,2020/12/30 05:45:42,17
6001864,1000414,2020/12/29 19:31:57,19
6001865,1000945,2021/01/05 13:56:01,6
6001866,1000182,2021/01/29 01:31:31,18
6001867,1000975,2020/12/14 11:24:27,14
6001868,1000705,2020/12/24 19:59:18,13
6001869,1000817,2020/12/18 23:23:35,16
6001870,1000630,2020/12/18 04:09:27,10
6001871,1000183,2021/01/26 02:17:11,10
6001872,1000782,2020/12/27 18:35:39,4
6001873,1000405,2021/01/13 09:02:38,12
6001874,1000962,2020/12/26 10:54:44,6
6001875,1000359,2021/02/05 02:25:51,14
6001876,1000018,2020/12/20 14:25:37,16
6001877,1000340,2021/02/06 17:29:50,2
6001878,1000412,2020/12/28 06:08:17,8
6001879,1000997,2020/12/12 10:25:56,5
6001880,1000596,2020/12/24 01:41:34,4
6001881,1000030,2021/01/13 00:27:44,4
6001882,1000728,2021/01/28 14:28:44,20
6001883,1000949,2021/02/17 15:27:14,11
6001884,1000563,2020/12/23 07:01:09,7
6001885,1000288,2020/12/20 01:26:38,4
6001886,1000317,2021/02/15 02:03:18,7
6001887,1000792,2021/02/11 15:46:16,4
6001888,1000320,2021/01/23 06:01:06,14
6001889,1000908,2020/12/17 02:35:43,8
6001890,1000156,2021/01/30 23:41:09,3
6001891,1000849,2020/12/21 19:24:04,11
6001892,1000687,2020/12/12 21:23:19,15
6001893,1000902,2021/02/14 19:27:23,19
6001894,1000301,2021/02/19 14:36:36,6
6001895,1000270,2021/01/06 06:10:55,9
6001896,1000837,2021/02/17 09:35:43,9
6001897,1000786,2020/12/11 09:10:43,5
6001898,1000803,2021/01/18 14:45:28,12
6001899,1000175,2021/02/20 06:56:49,11
6001900,1000311,2021/02/04 20:46:09,7
6001901,1000417,2021/01/29 20:48:40,4
6001902,1000546,2020/12/27 16:25:24,1
6001903,1000007,2021/01/13 09:36:50,20
6001904,1000742,2021/02/09 17:02:04,12
6001905,1000964,2020/12/27 19:01:25,19
6001906,1000212,2020/12/27 17:48:10,14
6001907,1000546,2021/02/01 22:00:05,20
6001908,1000330,2020/12/20 17:41:24,14
6001909,1000312,2021/01/05 11:54:36,11
6001910,1000953,2021/02/04 02:05:18,12
6001911,1000000,2020/12/21 07:44:59,7
6001912,1000572,2021/01/18 02:56:34,5
6001913,1000961,2020/12/15 13:38:03,20
6001914,1000955,2020/12/29 00:20:40,14
6001915,1000786,2020/12/09 03:08:02,7
6001916,1000072,2021/02/09 12:01:16,17
6001917,1000549,2020/12/23 17:18:30,7
6001918,1000555,2021/02/02 21:51:08,13
6001919,1000122,2020/12/13 06:32:57,15
6001920,1000336,2021/02/15 21:59:05,5
6001921,1000920,2021/01/28 00:56:26,12
6001922,1000380,2021/01/30 07:12:59,8
6001923,1000078,2021/01/08 17:00:42,4
6001924,1000142,2021/01/30 16:02:00,14
6001925,1000010,2020/12/28 01:08:19,6
6001926,1000276,2020/12/22 00:30:35,12
6001927,1000696,2021/01/30 12:29:01,5
6001928,1000936,2021/01/17 12:54:09,14
6001929,1000532,2021/02/01 15:53:01,9
6001930,1000802,2021/02/04 23:42:39,9
6001931,1000512,2020/12/24 00:10:44,11
6001932,1000300,2020/12/07 21:16:18,2
6001933,1000579,2021/01/24 04:47:27,5
6001934,1000476,2021/01/14 00:48:02,14
6001935,1000095,2021/01/16 15:25:21,2
6001936,1000596,2020/12/06 23:31:24,9
6001937,1000725,2021/02/09 01:22:42,11
6001938,1000356,2021/02/19 05:17:31,17
6001939,1000554,2021/02/15 10:55:03,19
6001940,1000185,2020/12/21 17:09:16,15
6001941,1000895,2021/01/23 08:25:15,6
6001942,1000161,2020/12/30 10:50:49,8
6001943,1000422,2020/12/13 08:56:40,3
6001944,1000805,2020/12/29 18:33:00,14
6001945,1000281,2020/12/04 10:53:29,16
6001946,1000699,2020/12/10 07:46:33,4
6001947,1000801,2020/12/04 19:31:02,12
6001948,1000366,2020/12/29 22:48:18,12
6001949,1000345,2021/01/22 11:18:08,10
6001950,1000891,2021/01/05 13:40:10,1
6001951,1000889,2020/12/05 15:20:20,20
6001952,1000095,2020/12/15 12:22:54,8
6001953,1000998,2021/01/28 10:15:18,15
6001954,1000440,2021/01/05 20:08:03,1
6001955,1000303,2020/12/27 19:22:30,19
6001956,1000751,2021/01/15 17:50:16,9
6001957,1000570,2021/02/17 10:32:41,11
6001958,1000523,2021/02/04 03:51:34,18
6001959,1000643,2021/02/15 11:16:15,4
6001960,1000055,2021/01/29 09:06:06,8
6001961,1000854,2021/01/12 07:39:12,5
6001962,1000227,2020/12/31 20:39:47,15
6001963,1000565,2020/12/06 22:43:13,19
6001964,1000013,2021/02/15 13:38:54,13
6001965,1000874,2020/12/02 01:21:10,5
6001966,1000787,2021/02/05 01:04:58,4
6001967,1000903,2020/12/28 12:02:07,19
6001968,1000243,2021/01/07 06:33:48,4
6001969,1000898,2021/02/01 03:51:26,7
6001970,1000800,2020/12/20 10:23:09,12
6001971,1000563,2021/01/08 13:23:40,9
6001972,1000931,2020/12/06 18:58:11,1
6001973,1000424,2021/02/17 13:17:01,18
6001974,1000155,2020/12/07 18:10:48,14
6001975,1000680,2020/12/28 01:41:28,20
6001976,1000028,2021/01/30 15:38:53,10
6001977,1000638,2021/02/01 22:38:39,15
6001978,1000635,2021/02/10 18:04:27,5
6001979,1000835,2021/02/16 11:36:36,10
6001980,1000667,2020/12/07 03:54:23,10
6001981,1000696,2020/12/27 12:35:03,18
6001982,1000340,2020/12/20 01:20:51,11
6001983,1000934,2020/12/24 22:59:12,8
6001984,1000416,2020/12/08 18:57:08,3
6001985,1000238,2021/02/20 00:25:47,3
6001986,1000593,2021/02/07 19:17:10,16
6001987,1000043,2021/02/20 19:51:47,9
6001988,1000907,2021/02/08 04:11:12,1
6001989,1000825,2021/02/06 03:34:52,5
6001990,1000907,2021/02/04 00:42:15,20
6001991,1000488,2020/12/16 13:19:20,15
6001992,1000144,2021/01/10 16:26:29,5
6001993,1000202,2020/12/11 05:54:30,11
6001994,1000058,2021/02/18 18:23:40,6
6001995,1000958,2021/01/18 11:10:08,11
6001996,1000754,2021/01/07 12:00:25,6
6001997,1000362,2020/12/17 16:24:57,15
6001998,1000066,2020/12/03 02:25:45,19
6001999,1000244,2020/12/08 18:52:23,8
